,time,mp_concentration
0,2021-11-25,14.547681823506794
1,2021-08-24,14.624168209251222
2,2024-05-13,14.696244976882605
3,2020-10-31,14.661264656775035
4,2020-09-30,14.600078911965849
5,2018-09-28,14.73309066942357
6,2018-10-29,14.742376248758008
7,2020-07-23,14.74343431246613
8,2024-03-30,14.522184322933587
9,2020-11-23,14.736671572898171
10,2020-08-22,14.668278151325845
11,2024-02-22,14.536124159388727
12,2021-01-06,14.589005938881707
13,2024-04-01,14.544237000480202
14,2021-07-25,14.692503529059227
15,2020-09-21,14.55404549569351
16,2020-10-20,14.675585212685846
17,2023-11-29,14.66478592949152
18,2023-08-28,14.556978105797816
19,2024-03-21,14.535902455288037
20,2024-05-02,14.582758470223627
21,2020-01-11,14.634508794306186
22,2021-06-26,14.61598197645745
23,2021-09-27,14.595906287891474
24,2021-10-26,14.362649110064291
25,2024-04-10,14.567879831576597
26,2023-07-29,14.50428133455438
27,2021-01-17,14.627834736378503
28,2020-06-20,14.701601042156527
29,2020-06-13,14.663411364067239
30,2021-01-24,14.54022033377321
31,2023-10-08,14.526424222735068
32,2023-09-09,14.559516235502272
33,2020-11-01,14.667668082800498
34,2018-11-19,14.9153085052842
35,2018-08-18,14.865804273090706
36,2021-07-07,14.64396256295839
37,2024-04-23,14.727005274108064
38,2021-09-14,14.597643224845848
39,2021-10-15,14.520696611968264
40,2021-06-15,14.663492400738527
41,2020-01-22,14.74373552424431
42,2021-08-06,14.659825873611245
43,2021-11-07,14.52901586722245
44,2024-03-12,14.64633250334508
45,2020-07-01,14.750169530145728
46,2023-06-08,14.576809155356132
47,2020-09-12,14.54799220924776
48,2020-10-13,14.666044291387164
49,2021-07-16,14.581082693021166
50,2023-01-28,14.571986708917665
51,2021-10-04,14.603042101946112
52,2021-09-05,14.565519065152694
53,2024-02-11,14.543564243209142
54,2023-09-18,14.527022059310033
55,2023-10-19,14.34500605063072
56,2020-06-02,14.615382610888686
57,2018-11-08,14.945148348243345
58,2020-11-10,14.619700489373859
59,2020-08-11,14.771025005548616
60,2020-07-10,14.761101835800467
61,2024-03-03,14.635095927924567
62,2020-10-02,14.609138200218203
63,2020-09-03,14.596455196664907
64,2023-06-19,14.52923910031694
65,2021-06-04,14.567916527427746
66,2024-05-20,14.68803122220047
67,2021-11-16,14.593435433914124
68,2021-08-17,14.655327573857925
69,2024-03-05,14.670934013552738
70,2020-07-16,14.811125925885236
71,2022-01-28,14.423431200510842
72,2020-10-04,14.62914814205087
73,2020-09-05,14.581885414765047
74,2022-09-18,14.485080230440783
75,2021-11-25,14.547681823506794
76,2021-08-24,14.624168209251222
77,2024-05-13,14.696244976882605
78,2020-10-31,14.661264656775035
79,2020-09-30,14.600078911965849
80,2018-09-28,14.73309066942357
81,2018-10-29,14.742376248758008
82,2020-07-23,14.74343431246613
83,2024-03-30,14.522184322933587
84,2020-11-23,14.736671572898171
85,2020-08-22,14.668278151325845
86,2024-02-22,14.536124159388727
87,2021-01-06,14.589005938881707
88,2024-04-01,14.544237000480202
89,2021-07-25,14.692503529059227
90,2020-09-21,14.55404549569351
91,2020-10-20,14.675585212685846
92,2023-11-29,14.66478592949152
93,2023-08-28,14.556978105797816
94,2024-03-21,14.535902455288037
95,2024-05-02,14.582758470223627
96,2020-01-11,14.634508794306186
97,2021-06-26,14.61598197645745
98,2021-09-27,14.595906287891474
99,2021-10-26,14.362649110064291
100,2024-04-10,14.567879831576597
101,2023-07-29,14.50428133455438
102,2021-01-17,14.627834736378503
103,2020-06-20,14.701601042156527
104,2020-06-13,14.663411364067239
105,2021-01-24,14.54022033377321
106,2023-10-08,14.526424222735068
107,2023-09-09,14.559516235502272
108,2020-11-01,14.667668082800498
109,2018-11-19,14.9153085052842
110,2018-08-18,14.865804273090706
111,2021-07-07,14.64396256295839
112,2024-04-23,14.727005274108064
113,2021-09-14,14.597643224845848
114,2021-10-15,14.520696611968264
115,2021-06-15,14.663492400738527
116,2020-01-22,14.74373552424431
117,2021-08-06,14.659825873611245
118,2021-11-07,14.52901586722245
119,2024-03-12,14.64633250334508
120,2020-07-01,14.750169530145728
121,2023-06-08,14.576809155356132
122,2020-09-12,14.54799220924776
123,2020-10-13,14.666044291387164
124,2021-07-16,14.581082693021166
125,2023-01-28,14.571986708917665
126,2021-10-04,14.603042101946112
127,2021-09-05,14.565519065152694
128,2024-02-11,14.543564243209142
129,2023-09-18,14.527022059310033
130,2023-10-19,14.34500605063072
131,2020-06-02,14.615382610888686
132,2018-11-08,14.945148348243345
133,2020-11-10,14.619700489373859
134,2020-08-11,14.771025005548616
135,2020-07-10,14.761101835800467
136,2024-03-03,14.635095927924567
137,2020-10-02,14.609138200218203
138,2020-09-03,14.596455196664907
139,2023-06-19,14.52923910031694
140,2021-06-04,14.567916527427746
141,2024-05-20,14.68803122220047
142,2021-11-16,14.593435433914124
143,2021-08-17,14.655327573857925
144,2024-03-05,14.670934013552738
145,2020-07-16,14.811125925885236
146,2022-01-28,14.423431200510842
147,2020-10-04,14.62914814205087
148,2020-09-05,14.581885414765047
149,2022-09-18,14.485080230440783
150,2024-05-26,14.653393396703624
151,2022-10-19,14.606043516771322
152,2021-06-02,14.534492723006405
153,2019-08-09,14.682613997174633
154,2019-11-08,14.748668058236225
155,2021-11-10,14.517456674110587
156,2021-08-11,14.67545219022543
157,2021-07-10,14.621663717410318
158,2019-07-08,14.730194755170412
159,2021-10-02,14.585487724152818
160,2021-09-03,14.599838859939585
161,2022-06-19,14.600476450353295
162,2020-06-04,14.639916845369237
163,2024-02-17,14.546408171673171
164,2020-11-16,14.699330486366698
165,2020-08-17,14.722722562480243
166,2021-06-13,14.662053617574735
167,2020-01-24,14.792262729400967
168,2022-10-08,14.50108573751684
169,2022-09-09,14.480314356772835
170,2021-11-01,14.48769633882893
171,2019-11-19,14.645577180408935
172,2019-08-18,14.630878963030053
173,2020-07-07,14.754793207390474
174,2024-03-14,14.64895472770842
175,2020-09-14,14.567607670680578
176,2020-10-15,14.652797089122457
177,2024-02-06,14.527866063886455
178,2020-06-15,14.665923500877133
179,2021-01-22,14.553932350152468
180,2020-08-06,14.716293143560218
181,2020-11-07,14.620945090325321
182,2019-07-19,14.711140434461411
183,2024-04-25,14.728274338960293
184,2021-07-01,14.664669725962883
185,2022-06-08,14.588897380322058
186,2021-09-12,14.585447970314073
187,2021-10-13,14.556985750766806
188,2021-09-21,14.636143288676104
189,2021-10-20,14.440974875347552
190,2022-11-29,14.374569145712451
191,2024-04-16,14.701937420792058
192,2022-08-28,14.526707086587674
193,2019-01-09,14.724592521895033
194,2021-01-11,14.692420963394143
195,2020-06-26,14.730581590601272
196,2020-09-27,14.578682172758517
197,2020-10-26,14.714750388818173
198,2024-03-27,14.49408600391021
199,2022-07-29,14.487248343646156
200,2020-01-17,14.662327307464553
201,2021-06-20,14.632351384057397
202,2024-05-04,14.629712340762282
203,2020-11-25,14.728739153074844
204,2020-08-24,14.657361135609085
205,2024-02-24,14.54403058631749
206,2019-01-18,14.609139729212
207,2021-10-31,14.47061900710057
208,2021-09-30,14.584423544469503
209,2019-09-28,14.763441196311202
210,2019-10-29,14.880496374494397
211,2021-07-23,14.668281209313442
212,2024-04-07,14.506799587339463
213,2021-11-23,14.548397392604194
214,2021-08-22,14.613220613658504
215,2024-05-15,14.665382237072688
216,2019-06-29,14.663879236169386
217,2020-01-06,14.597780834287658
218,2020-07-25,14.710888150484763
219,2019-01-14,14.651364421933856
220,2023-10-20,14.334700632433107
221,2023-09-21,14.502834906421597
222,2024-02-28,14.598883238815919
223,2020-08-28,14.635109688868747
224,2020-11-29,14.707041202089334
225,2018-08-30,14.712438550195799
226,2023-01-11,14.452570764310565
227,2022-06-26,14.528061775092581
228,2019-10-25,14.856537041681843
229,2019-09-24,14.790042630406466
230,2019-06-25,14.61239954398905
231,2022-10-26,14.548168043534515
232,2022-09-27,14.531199270365802
233,2024-05-19,14.685708680621513
234,2020-07-29,14.681774579579605
235,2022-01-17,14.518514737818709
236,2023-06-20,14.534700666162914
237,2018-10-23,14.67788787734543
238,2018-09-22,14.740868660873312
239,2022-08-24,14.466583992468003
240,2022-11-25,14.394701407048949
241,2019-07-26,14.71017411038116
242,2023-09-30,14.5670908707769
243,2023-10-31,14.37785801137166
244,2019-01-05,14.757236539479463
245,2018-08-21,14.827574841162674
246,2018-11-20,14.907310338727566
247,2023-07-23,14.517123353462651
248,2023-08-22,14.573654841151136
249,2023-11-23,14.551070073762864
250,2022-01-06,14.681455019875852
251,2024-05-08,14.653651796655463
252,2019-08-27,14.737304576330487
253,2019-11-26,14.455752600403923
254,2022-07-25,14.454245012519227
255,2019-08-14,14.625368469382545
256,2019-11-15,14.62520028006478
257,2022-07-16,14.48483864942072
258,2020-01-28,14.823720247798255
259,2022-09-05,14.542821152223379
260,2022-10-04,14.45768830655202
261,2019-06-07,14.632203071659005
262,2020-10-19,14.666006066542217
263,2020-09-18,14.554831398505613
264,2018-10-01,14.73051890185556
265,2023-06-02,14.627473893842206
266,2024-03-18,14.579431379719471
267,2023-08-11,14.526116894981698
268,2023-11-10,14.442016120123899
269,2018-11-13,14.960750200956765
270,2023-07-10,14.542841029142751
271,2023-09-03,14.598669179684217
272,2023-10-02,14.569642761425536
273,2020-06-19,14.69256621780494
274,2019-09-06,14.780339635765213
275,2019-10-07,14.700452767814332
276,2022-06-04,14.619822808877688
277,2024-04-29,14.617095083942296
278,2022-08-17,14.49012438097994
279,2022-11-16,14.383805797245358
280,2019-07-15,14.757296170237579
281,2023-06-13,14.553443072137151
282,2022-01-24,14.414049294567139
283,2018-10-10,14.62772923580645
284,2018-09-11,14.832218395326791
285,2020-09-09,14.541619363098256
286,2020-10-08,14.675057709825582
287,2023-11-01,14.385354667962595
288,2024-03-09,14.667582459147816
289,2022-07-07,14.520895381161987
290,2019-11-04,14.817466663164984
291,2019-08-05,14.755146404957781
292,2019-06-16,14.65378329012208
293,2022-10-15,14.558855710181595
294,2022-09-14,14.464142189372811
295,2022-06-15,14.634748846332451
296,2023-01-22,14.520880091224008
297,2019-10-16,14.742945034450813
298,2019-09-17,14.847671935641818
299,2019-07-04,14.71672126182362
300,2022-11-07,14.439552911115538
301,2022-08-06,14.511024197202966
302,2023-07-01,14.56807860077032
303,2018-11-02,14.855327607587732
304,2020-06-08,14.645924262001051
305,2019-01-27,14.60837370331927
306,2023-10-13,14.53053415806373
307,2023-09-12,14.549328549827095
308,2019-10-10,14.648733023607729
309,2022-06-13,14.586068741796007
310,2023-01-24,14.538212764916612
311,2019-09-11,14.809518953403678
312,2021-09-09,14.554170873184935
313,2021-10-08,14.646445648886123
314,2022-11-01,14.497165397419112
315,2019-07-02,14.696338245504275
316,2018-11-04,14.908045784744338
317,2023-07-07,14.562647614800301
318,2023-10-15,14.496746453118497
319,2019-01-21,14.594157118986715
320,2023-09-14,14.535217466066593
321,2018-10-16,14.68521022864341
322,2023-06-15,14.534365816521182
323,2022-01-22,14.43941377267993
324,2018-09-17,14.772879675025425
325,2023-11-07,14.44040303166715
326,2023-08-06,14.477884785628028
327,2019-11-02,14.85767920004885
328,2022-07-01,14.483801991625768
329,2019-08-03,14.748781203777266
330,2021-06-08,14.60868103107264
331,2022-10-13,14.550498230082463
332,2019-06-10,14.64679884645343
333,2022-09-12,14.440771519172436
334,2023-07-16,14.519895419218182
335,2018-11-15,14.940212756263834
336,2021-01-28,14.511068538023103
337,2023-09-05,14.59211897025416
338,2019-01-30,14.609110678329841
339,2023-10-04,14.548911134520278
340,2021-10-19,14.459633186662906
341,2021-09-18,14.618354974831735
342,2022-06-02,14.622692730236281
343,2019-10-01,14.726711707298874
344,2022-08-11,14.508232254528064
345,2019-07-13,14.7349315779562
346,2022-11-10,14.415836688316844
347,2019-08-12,14.643646061242231
348,2022-07-10,14.504707923823982
349,2019-11-13,14.658838143617823
350,2022-09-03,14.568488371108149
351,2019-06-01,14.622192749264379
352,2022-10-02,14.469375935142905
353,2021-06-19,14.637627941653832
354,2018-09-06,14.772298657382237
355,2023-06-04,14.61994207039392
356,2018-10-07,14.72312621684288
357,2023-08-17,14.585946422292178
358,2023-11-16,14.439750151315462
359,2023-08-24,14.552635763411878
360,2023-11-25,14.57447591082059
361,2022-09-30,14.491073886128415
362,2022-10-31,14.4979620031878
363,2019-08-21,14.631131247006701
364,2022-07-23,14.458622521762516
365,2019-11-20,14.625366940388748
366,2022-08-22,14.467576309442817
367,2019-07-20,14.722360190950148
368,2022-11-23,14.405607719809124
369,2023-01-06,14.4172999353814
370,2019-01-03,14.78111483562073
371,2018-08-27,14.752219910828666
372,2023-07-25,14.519332749500567
373,2018-11-26,14.871209266166161
374,2022-10-20,14.632469116579834
375,2019-06-23,14.610187089963539
376,2022-09-21,14.513883415604974
377,2021-08-28,14.615748040406375
378,2021-11-29,14.528002144334465
379,2019-08-30,14.781032269955645
380,2018-10-25,14.696304607640721
381,2022-01-11,14.59735577401185
382,2023-06-26,14.5545531216344
383,2018-09-24,14.72225927735949
384,2023-10-26,14.359834232482422
385,2019-01-12,14.686632192875424
386,2023-09-27,14.535189944178232
387,2019-07-31,14.728676464329132
388,2021-07-29,14.694452996151506
389,2019-10-23,14.83613109045553
390,2023-01-17,14.483690375078522
391,2022-06-20,14.591515017704003
392,2019-09-22,14.809719251591199
393,2023-12-25,14.431600614372838
394,2019-03-11,14.621249360091095
395,2021-03-09,14.67788940633923
396,2019-12-20,14.69607678756484
397,2022-04-23,14.62673997681923
398,2023-03-14,14.580698915577903
399,2023-02-06,14.69122681923801
400,2022-05-31,14.6257598917948
401,2022-12-23,14.48056205376809
402,2019-04-20,14.63217096278925
403,2018-12-26,14.800318997721922
404,2023-04-25,14.446089359601412
405,2022-03-12,14.590064002589829
406,2019-02-03,14.64185560950493
407,2021-12-29,14.742486336311453
408,2023-03-05,14.536431487142098
409,2019-12-31,14.612618190102145
410,2019-05-23,14.707061079008707
411,2023-05-26,14.631244392547742
412,2022-02-11,14.53818524302825
413,2021-03-18,14.579824331125524
414,2022-03-03,14.661359454390503
415,2019-02-12,14.689312519003082
416,2022-05-20,14.511533352137656
417,2023-02-17,14.586928036310407
418,2021-04-29,14.453408652911795
419,2019-04-02,14.740588855008303
420,2022-12-01,14.373115072610682
421,2023-02-24,14.614931557718315
422,2022-05-13,14.453056984338286
423,2019-02-21,14.670149639734433
424,2023-04-07,14.468082406389911
425,2022-03-30,14.607815620583048
426,2018-12-04,14.757915412725715
427,2023-12-07,14.66811607798327
428,2022-02-22,14.681789869517583
429,2023-05-15,14.619072072922934
430,2021-05-08,14.442691935382555
431,2019-05-10,14.596241137533207
432,2022-04-01,14.634530200219356
433,2019-12-02,14.501842589446783
434,2021-02-28,14.672819262905506
435,2018-12-15,14.758519365275871
436,2022-03-21,14.514655557472897
437,2023-04-16,14.381914431917398
438,2022-12-10,14.526858456973661
439,2019-04-13,14.725829477877506
440,2022-05-02,14.371622774663965
441,2019-05-01,14.605921197267493
442,2021-05-19,14.449628980243471
443,2019-12-13,14.766003789916423
444,2023-03-27,14.597184526706489
445,2022-04-10,14.598491816403664
446,2023-12-16,14.536417726197918
447,2019-03-22,14.691561668879743
448,2023-05-04,14.484083326484575
449,2020-02-28,14.542345635152243
450,2019-05-07,14.605610811526526
451,2023-03-21,14.546421932617353
452,2022-04-16,14.614093669117086
453,2019-12-15,14.754629605054102
454,2019-03-24,14.705672752640243
455,2023-12-10,14.634045509185432
456,2023-05-02,14.453789372367464
457,2020-05-19,14.557670739988248
458,2022-03-27,14.537867212318295
459,2023-04-10,14.431988978797497
460,2018-12-13,14.718803751376313
461,2019-04-15,14.67560356061142
462,2022-12-16,14.526531252300918
463,2022-05-04,14.35131773702831
464,2023-12-01,14.675773278922982
465,2022-02-24,14.722175182700607
466,2023-05-13,14.590265829771148
467,2019-05-16,14.590440135064105
468,2019-12-04,14.614326076174361
469,2022-04-07,14.577602703137226
470,2023-03-30,14.515378771539288
471,2022-12-07,14.44136323977221
472,2019-04-04,14.787412761074139
473,2023-02-22,14.586954029204971
474,2022-05-15,14.471051712345366
475,2020-05-08,14.613136518999621
476,2019-02-27,14.675358921603761
477,2018-12-02,14.81106476613332
478,2023-04-01,14.538090445412783
479,2020-12-29,14.418059845298941
480,2018-12-31,14.794504234308638
481,2022-03-05,14.630340757213204
482,2019-02-14,14.688737617335084
483,2024-01-28,14.57395299494172
484,2022-05-26,14.586056509845625
485,2023-02-11,14.615665474741292
486,2020-03-18,14.732549405619125
487,2023-03-03,14.558485693682512
488,2019-05-25,14.676143295422065
489,2023-05-20,14.63222141958458
490,2022-02-17,14.575058457457576
491,2019-03-06,14.631137362981892
492,2020-04-29,14.505587095257756
493,2019-04-26,14.653341410914496
494,2022-12-25,14.448370618347829
495,2020-03-09,14.591932433010822
496,2023-04-23,14.470553260367263
497,2022-03-14,14.60160331878232
498,2018-12-20,14.74806257669227
499,2019-02-05,14.655887185587943
500,2022-02-06,14.524187304808791
501,2023-05-31,14.64437692027761
502,2019-03-17,14.63338192587716
503,2023-12-23,14.468085464377507
504,2022-04-25,14.524243877579313
505,2023-03-12,14.53855067254594
506,2019-12-26,14.618744868250191
507,2022-12-29,14.430790247659969
508,2024-07-16,14.623513799905735
509,2020-03-05,14.556357334315882
510,2019-02-09,14.697884058233917
511,2020-05-26,14.649025061423123
512,2021-02-11,14.436360372065593
513,2022-03-18,14.555646352199876
514,2021-03-03,14.675686126276505
515,2021-05-20,14.451734404703132
516,2020-02-17,14.611694677848234
517,2022-04-29,14.397196724927065
518,2024-01-24,14.620370188657324
519,2019-02-18,14.69348973005885
520,2020-12-25,14.445931873240232
521,2022-03-09,14.611136595112013
522,2021-04-23,14.45479545028646
523,2020-03-14,14.664016845611194
524,2019-05-29,14.636111179806349
525,2020-02-06,14.736316846337067
526,2021-05-31,14.505784335457681
527,2021-12-23,14.715436907033414
528,2020-04-25,14.49309827391679
529,2021-03-12,14.577182229842812
530,2022-02-28,14.702636170957684
531,2021-03-21,14.587700178178329
532,2020-04-16,14.625755304813406
533,2019-12-08,14.649722282594949
534,2021-12-10,14.525834031129092
535,2021-05-02,14.43051808676395
536,2022-05-19,14.499556743718975
537,2020-03-27,14.664142223102619
538,2021-04-10,14.526185699702602
539,2019-04-08,14.80504053056973
540,2020-12-16,14.457685248564426
541,2020-05-04,14.590846847414337
542,2024-01-17,14.677137141390679
543,2021-12-01,14.512727496293788
544,2019-12-19,14.719143187999439
545,2020-02-24,14.537078251518595
546,2021-05-13,14.416969672721063
547,2020-04-07,14.535452931111465
548,2021-03-30,14.568557175829053
549,2019-03-28,14.773622766011188
550,2020-12-07,14.530846072798495
551,2024-01-06,14.56101464942418
552,2021-02-22,14.5596400839999
553,2020-05-15,14.580042977238618
554,2022-05-08,14.376088965547531
555,2019-04-19,14.623700337149074
556,2021-04-01,14.540382407115782
557,2020-12-01,14.668345427052952
558,2018-12-19,14.74601372500313
559,2021-02-24,14.601592615825735
560,2020-05-13,14.6022623151092
561,2021-04-07,14.511585337926782
562,2020-03-30,14.605474731078516
563,2021-12-07,14.516031651890975
564,2020-02-22,14.543727845545513
565,2021-05-15,14.432117414276517
566,2023-05-08,14.56039999391744
567,2020-04-01,14.529870574755456
568,2023-02-28,14.600392355694412
569,2020-03-21,14.76945167093061
570,2021-04-16,14.600771546156283
571,2018-12-08,14.659783061784903
572,2020-12-10,14.496573676819338
573,2024-01-11,14.635958280426562
574,2020-05-02,14.592259637683565
575,2023-05-19,14.63272292955028
576,2021-03-27,14.538461990905663
577,2020-04-10,14.579408444812504
578,2021-12-16,14.54858698783513
579,2021-05-04,14.420250893411282
580,2021-12-25,14.753580715308766
581,2023-03-09,14.500255493884598
582,2020-04-23,14.461125484609623
583,2021-03-14,14.57087971740801
584,2024-01-22,14.640468812130266
585,2021-02-06,14.448135153302957
586,2020-05-31,14.633687724636733
587,2020-12-23,14.457822858006233
588,2021-04-25,14.425831720773491
589,2020-03-12,14.638814440840976
590,2023-12-29,14.388498279211007
591,2021-03-05,14.670805578073717
592,2021-05-26,14.50266213012244
593,2020-02-11,14.682485561695612
594,2023-03-18,14.60590132034812
595,2020-03-03,14.547151262658934
596,2020-05-20,14.548177217497301
597,2021-02-17,14.48771162876691
598,2023-04-29,14.440539112115161
599,2020-12-22,14.462981683080232
600,2020-05-30,14.642182814177673
601,2021-02-07,14.449424095074557
602,2024-01-23,14.629982972664504
603,2020-03-13,14.649233004579632
604,2021-04-24,14.434167794959455
605,2023-03-08,14.490737507492886
606,2021-12-24,14.740373266882804
607,2020-02-01,14.792617455962073
608,2021-03-15,14.570832318600276
609,2020-04-22,14.471291764371632
610,2020-03-02,14.539857962243115
611,2023-04-28,14.429831568548707
612,2021-02-16,14.482540571742527
613,2020-05-21,14.571313951646603
614,2021-03-04,14.667810279223698
615,2023-12-28,14.392482837048245
616,2023-03-19,14.617003344314423
617,2020-02-10,14.691746677129284
618,2021-05-27,14.507337793156312
619,2021-05-14,14.420319698132186
620,2020-02-23,14.541438941830108
621,2021-12-06,14.512811590952671
622,2023-05-09,14.553363564459662
623,2024-01-01,14.424602409760007
624,2020-05-12,14.62030138393642
625,2021-02-25,14.618819788946288
626,2018-12-18,14.74640056043399
627,2020-03-31,14.521188947971176
628,2021-04-06,14.511189328533135
629,2020-04-11,14.591047145601857
630,2021-03-26,14.552345254590284
631,2023-05-18,14.628637458122382
632,2021-05-05,14.417223485691508
633,2021-12-17,14.562080358101294
634,2021-04-17,14.589868291383702
635,2020-03-20,14.758343530989118
636,2020-05-03,14.586556490817525
637,2024-01-10,14.632819256159545
638,2020-12-11,14.477819038894719
639,2018-12-09,14.657757145002732
640,2019-04-09,14.815604348719184
641,2021-04-11,14.54221872866702
642,2020-03-26,14.686003776424501
643,2022-05-18,14.501266158784988
644,2024-01-16,14.669545687184277
645,2020-05-05,14.598106509966602
646,2020-12-17,14.452676264882617
647,2020-04-17,14.616744944362583
648,2021-03-20,14.581357911904783
649,2021-05-03,14.420513880344515
650,2021-12-11,14.526384468896323
651,2019-12-09,14.678861846394671
652,2020-05-14,14.589940154092202
653,2021-02-23,14.578039995363415
654,2024-01-07,14.57151730782172
655,2020-12-06,14.542339519177052
656,2019-04-18,14.63300885139048
657,2022-05-09,14.388470757322645
658,2021-05-12,14.42689284246921
659,2020-02-25,14.532757315045828
660,2019-12-18,14.740191316620857
661,2019-03-29,14.764676623299877
662,2021-03-31,14.552229051061646
663,2020-04-06,14.496588966757317
664,2021-03-02,14.676767124891596
665,2022-04-28,14.434368093146976
666,2020-02-16,14.631397291927529
667,2021-05-21,14.462877711501976
668,2020-03-04,14.55179634581685
669,2022-12-28,14.44382033280538
670,2022-03-19,14.545431144636336
671,2021-02-10,14.435106597151345
672,2020-05-27,14.68041071711191
673,2019-02-08,14.672534870059103
674,2021-12-22,14.687407392730941
675,2021-05-30,14.505449485815948
676,2020-02-07,14.722684337635297
677,2019-05-28,14.65603243999874
678,2021-03-13,14.587414256338128
679,2020-04-24,14.461403761480835
680,2022-03-08,14.60668263617883
681,2020-12-24,14.451558570416378
682,2019-02-19,14.685685745714546
683,2024-01-25,14.60298705816939
684,2021-02-01,14.512401820614842
685,2020-03-15,14.695173152230302
686,2021-04-22,14.475135654779464
687,2019-05-24,14.68755264714174
688,2023-03-02,14.564243884325274
689,2020-04-28,14.489717668629709
690,2019-03-07,14.632591436083663
691,2022-02-16,14.562840268018833
692,2023-05-21,14.63785881971731
693,2024-01-29,14.569931741253333
694,2019-02-15,14.694394894387187
695,2018-12-30,14.789744476615883
696,2022-03-04,14.643039050704479
697,2020-12-28,14.419419120785243
698,2020-03-19,14.750215399959664
699,2023-02-10,14.623854765522658
700,2022-05-27,14.592788669537626
701,2019-03-16,14.604453363221543
702,2023-12-22,14.472316190216201
703,2023-05-30,14.639366407602004
704,2022-02-07,14.531804751909757
705,2023-03-13,14.565395216655066
706,2022-04-24,14.571573880592242
707,2019-12-27,14.605037438852326
708,2020-03-08,14.594296257422322
709,2019-04-27,14.645069554468044
710,2022-12-24,14.457972699398423
711,2023-02-01,14.609191715001128
712,2019-02-04,14.642610932441077
713,2022-03-15,14.602776057025284
714,2023-04-22,14.47084071120126
715,2018-12-21,14.756643289885892
716,2023-04-11,14.430392709272525
717,2022-03-26,14.519973397901873
718,2018-12-12,14.702339546160896
719,2020-05-18,14.561901465826944
720,2022-05-05,14.348891223871098
721,2019-04-14,14.703367029993062
722,2022-12-17,14.508551814231817
723,2022-04-17,14.628778125551786
724,2023-03-20,14.5976065289947
725,2019-12-14,14.740990980377141
726,2019-05-06,14.613795515326501
727,2020-02-29,14.537793820615997
728,2023-05-03,14.457269362251406
729,2019-03-25,14.734482053779628
730,2023-12-11,14.632394195883737
731,2022-05-14,14.457692893533414
732,2023-02-23,14.593595978262899
733,2022-12-06,14.429216913041966
734,2019-04-05,14.780176033428841
735,2018-12-03,14.788276642569933
736,2019-02-26,14.673167873491419
737,2020-05-09,14.603193472332102
738,2023-05-12,14.585689551334136
739,2022-02-25,14.729963877106934
740,2019-12-05,14.620325847837185
741,2023-03-31,14.530451592398647
742,2022-04-06,14.636528595113166
743,2019-05-17,14.657905457401124
744,2023-05-14,14.598397018788196
745,2022-02-23,14.701568933286772
746,2023-12-06,14.687757532310654
747,2019-12-03,14.57176806280457
748,2019-05-11,14.599210443488662
749,2021-05-09,14.425712459257257
750,2022-05-12,14.433836003305318
751,2023-02-25,14.608642806227694
752,2019-04-03,14.773205350704371
753,2022-03-31,14.623841004578479
754,2023-04-06,14.426709363213467
755,2018-12-05,14.751276521655383
756,2019-02-20,14.690564764923534
757,2019-12-12,14.725306561998636
758,2022-04-11,14.606150546337172
759,2023-03-26,14.608257499790632
760,2021-05-18,14.449445500987727
761,2023-05-05,14.508934062681284
762,2023-12-17,14.504542792493814
763,2019-03-23,14.69670673300956
764,2018-12-14,14.749704716031177
765,2023-04-17,14.378850328346475
766,2022-03-20,14.538974203827948
767,2022-05-03,14.371002003182031
768,2022-12-11,14.536362682421194
769,2019-04-12,14.73419307395183
770,2022-12-22,14.485249948752346
771,2019-04-21,14.659339653583523
772,2022-05-30,14.600448928464932
773,2023-02-07,14.677260989888305
774,2019-02-02,14.637618767691045
775,2018-12-27,14.799040758906905
776,2022-03-13,14.580029216294438
777,2023-04-24,14.452865860113553
778,2021-03-08,14.690537243035173
779,2023-12-24,14.444675040338387
780,2019-03-10,14.622931253268748
781,2022-02-01,14.47570596946607
782,2019-12-21,14.666114625101866
783,2023-03-15,14.608601523395151
784,2022-04-22,14.611358299212704
785,2019-02-13,14.694474402064676
786,2022-03-02,14.683055876382216
787,2021-04-28,14.445176550304087
788,2019-04-30,14.607038891733733
789,2023-02-16,14.59314339609873
790,2022-05-21,14.529612174803617
791,2019-05-22,14.751646538154466
792,2023-03-04,14.540825815317165
793,2019-12-30,14.617136366774837
794,2021-12-28,14.742880816711303
795,2019-03-01,14.670978354372876
796,2021-03-19,14.576379508098933
797,2022-02-10,14.536977337927937
798,2023-05-27,14.632146498888483
799,2023-01-07,14.42865577231815
800,2022-06-30,14.491878136866093
801,2019-07-21,14.724175106588216
802,2022-11-22,14.409112173593831
803,2022-08-23,14.462836428669434
804,2023-07-24,14.5158711075422
805,2018-11-27,14.88313694678331
806,2018-08-26,14.755874206005565
807,2019-01-02,14.786081007476197
808,2022-01-01,14.699394704106208
809,2023-11-24,14.569502093996133
810,2023-08-25,14.539544518514553
811,2022-07-22,14.461948083272874
812,2019-11-21,14.556733466790158
813,2019-08-20,14.620449696334813
814,2022-10-30,14.516790032814717
815,2023-09-26,14.526645926835759
816,2023-10-27,14.335104286795744
817,2019-01-13,14.670478373400973
818,2019-09-23,14.798760953041896
819,2019-10-22,14.864128495888245
820,2022-06-21,14.57287811230182
821,2023-01-16,14.47416474371782
822,2021-07-28,14.690314009940684
823,2019-07-30,14.730587706576463
824,2019-08-31,14.776621122848804
825,2019-11-30,14.496403958507775
826,2021-11-28,14.526190286683995
827,2021-08-29,14.607959346000047
828,2022-09-20,14.501018461789734
829,2022-10-21,14.610118285242635
830,2019-06-22,14.606456345096746
831,2018-09-25,14.725152133625052
832,2018-10-24,14.689064822007827
833,2023-06-27,14.5592822994512
834,2022-01-10,14.59908353700344
835,2023-08-07,14.48525453573374
836,2023-11-06,14.437360334009398
837,2018-09-16,14.784535194746555
838,2018-10-17,14.720043765346382
839,2022-01-23,14.427519729926335
840,2023-06-14,14.551912549345488
841,2022-09-13,14.434095932250955
842,2022-10-12,14.531861324680278
843,2019-06-11,14.676175404291822
844,2021-06-09,14.609914929067518
845,2019-08-02,14.73867914175477
846,2019-11-03,14.836340562605837
847,2022-08-01,14.509470739504334
848,2019-07-03,14.707264435183822
849,2021-10-09,14.628871394173455
850,2021-09-08,14.538871761243492
851,2019-09-10,14.808155090935983
852,2019-10-11,14.662188169028946
853,2023-01-25,14.54694637749002
854,2022-06-12,14.585125352622724
855,2023-09-15,14.533446891248664
856,2023-10-14,14.519291466668026
857,2019-01-20,14.592288688565723
858,2018-11-05,14.9139477008041
859,2023-07-06,14.562444258625186
860,2021-06-18,14.646843187273568
861,2022-10-03,14.450821595405806
862,2022-09-02,14.573694594989881
863,2022-07-11,14.503741599743732
864,2019-11-12,14.696558420611167
865,2019-08-13,14.634528671225558
866,2023-11-17,14.466039670675963
867,2023-08-16,14.569381303486102
868,2023-06-05,14.626509098755754
869,2018-10-06,14.74994629705124
870,2018-09-07,14.781380880541558
871,2019-01-31,14.624694183117686
872,2023-10-05,14.53566393225557
873,2023-09-04,14.599751707293105
874,2021-01-29,14.517770117839149
875,2023-07-17,14.510574673026394
876,2018-11-14,14.938709755360533
877,2019-07-12,14.72937215650716
878,2022-11-11,14.39288802040468
879,2022-08-10,14.50699529854559
880,2022-06-03,14.626071806529565
881,2019-09-01,14.773942325714943
882,2021-09-19,14.630177154876833
883,2021-10-18,14.475626461788579
884,2020-06-18,14.678299176677056
885,2023-10-03,14.58135944089858
886,2023-09-02,14.580781481242987
887,2018-11-12,14.954225984421273
888,2023-07-11,14.53373587107646
889,2022-11-17,14.401184340751898
890,2019-07-14,14.745151372501134
891,2024-04-28,14.615238885471687
892,2022-08-16,14.500732539949533
893,2019-10-06,14.699036919557507
894,2022-06-05,14.606184184200727
895,2019-09-07,14.791197020723855
896,2022-10-05,14.469826988313276
897,2019-06-06,14.617948262481503
898,2022-09-04,14.566600063767783
899,2020-01-29,14.820966529968299
900,2019-11-14,14.637930682425809
901,2022-07-17,14.484471690909233
902,2019-08-15,14.607260595834424
903,2023-11-11,14.443564990841136
904,2024-03-19,14.567596967723993
905,2023-08-10,14.511872788760781
906,2023-06-03,14.625516781780938
907,2018-09-01,14.665678861869473
908,2020-09-19,14.553204549104684
909,2020-10-18,14.661357925396706
910,2022-08-07,14.501810480577028
911,2019-07-05,14.718349640218348
912,2022-11-06,14.455624164924902
913,2019-09-16,14.849598467827128
914,2023-01-23,14.53359367465326
915,2022-06-14,14.6480373314297
916,2019-10-17,14.784602470473661
917,2023-09-13,14.54209640916319
918,2019-01-26,14.608697850004416
919,2023-10-12,14.542550520321157
920,2020-06-09,14.644243897817196
921,2018-11-03,14.883045207155439
922,2023-08-01,14.47975933202421
923,2024-03-08,14.664302767451394
924,2020-10-09,14.679701263989699
925,2020-09-08,14.54016223200889
926,2018-09-10,14.836111213536157
927,2022-01-25,14.410446985179368
928,2023-06-12,14.559673721863453
929,2018-10-11,14.630450844766651
930,2022-09-15,14.458815174981048
931,2019-06-17,14.644661313124013
932,2022-10-14,14.558721158727383
933,2019-08-04,14.751438594997957
934,2022-07-06,14.520831163422475
935,2019-11-05,14.80580808545626
936,2022-09-26,14.541646884986617
937,2024-05-18,14.674849766669071
938,2019-06-24,14.612852126153218
939,2022-10-27,14.53466091232417
940,2018-09-23,14.737619549052848
941,2023-06-21,14.540682089900164
942,2022-01-16,14.53837789624678
943,2018-10-22,14.660179071178552
944,2020-07-28,14.6817057748587
945,2018-08-31,14.69252952195379
946,2018-11-30,14.861764671476745
947,2020-11-28,14.718987230632058
948,2020-08-29,14.611321603361555
949,2023-09-20,14.514024083034379
950,2024-02-29,14.607130631361605
951,2019-01-15,14.636849683810718
952,2023-10-21,14.342529080678178
953,2019-09-25,14.78441593323032
954,2022-06-27,14.515128016556437
955,2023-01-10,14.439682875588355
956,2019-10-24,14.840809811476998
957,2022-01-07,14.651725264470153
958,2023-06-30,14.562624679893334
959,2023-11-22,14.557531601552643
960,2023-08-23,14.560508552477089
961,2019-11-27,14.45633514704091
962,2022-07-24,14.45872037736558
963,2019-08-26,14.733417874096313
964,2024-05-09,14.660622479379933
965,2023-01-01,14.436507155470188
966,2022-11-24,14.39931285234331
967,2019-07-27,14.733346011387813
968,2022-08-25,14.479176785387224
969,2018-11-21,14.904107096721038
970,2023-07-22,14.5079188107995
971,2018-08-20,14.8434580287349
972,2023-10-30,14.402367781951446
973,2019-01-04,14.771768096534377
974,2024-03-26,14.49023293953959
975,2020-10-27,14.696983480886974
976,2020-09-26,14.575332147347394
977,2024-05-05,14.630878963030053
978,2021-06-21,14.623611655508798
979,2020-01-16,14.645361592283436
980,2022-07-28,14.484025224720256
981,2024-04-17,14.71400729783241
982,2022-08-29,14.52992561853218
983,2022-11-28,14.391638832471823
984,2021-10-21,14.423097879862908
985,2021-09-20,14.62740050213991
986,2020-06-27,14.723506936298548
987,2021-01-10,14.678164625222845
988,2019-01-08,14.744258440123179
989,2020-01-07,14.617024750227593
990,2021-06-30,14.65757213675319
991,2019-06-28,14.65165645974925
992,2024-05-14,14.668648167824928
993,2021-08-23,14.620020049077612
994,2021-11-22,14.565572579935619
995,2020-07-24,14.723308167104825
996,2019-01-19,14.599280777203363
997,2024-02-25,14.556559161497201
998,2021-01-01,14.468299523509208
999,2020-08-25,14.661633144280321
1000,2020-11-24,14.737844311141133
1001,2024-04-06,14.515866520560806
1002,2021-07-22,14.650665671768232
1003,2019-10-28,14.871712305125659
1004,2019-09-29,14.743293645036726
1005,2021-10-30,14.44905560756927
1006,2022-06-18,14.616258724334863
1007,2021-09-02,14.612552443368836
1008,2021-10-03,14.589779609743426
1009,2019-07-09,14.735686900892345
1010,2021-07-11,14.613136518999621
1011,2020-08-16,14.735665494979175
1012,2020-11-17,14.68735081996042
1013,2024-02-16,14.555080624494664
1014,2020-06-05,14.641170620283486
1015,2020-09-04,14.591407988138153
1016,2020-10-05,14.658827440661238
1017,2022-01-29,14.434516405545368
1018,2020-07-17,14.82162399730138
1019,2024-03-04,14.654925448489085
1020,2021-08-10,14.67385439170666
1021,2021-11-11,14.509557892150813
1022,2019-11-09,14.718485720666358
1023,2019-08-08,14.699082789371444
1024,2021-06-03,14.54957471782855
1025,2022-10-18,14.60030673204173
1026,2022-09-19,14.485266767684122
1027,2024-05-27,14.645074141449438
1028,2020-11-06,14.633718304512689
1029,2020-08-07,14.729292648829672
1030,2021-01-23,14.547772034140868
1031,2020-06-14,14.663750800690366
1032,2024-02-07,14.534602810559852
1033,2021-10-12,14.562545172215845
1034,2021-09-13,14.588651212320602
1035,2022-06-09,14.590345337448637
1036,2024-04-24,14.716473564828366
1037,2019-07-18,14.728277396947888
1038,2019-08-19,14.638647780517008
1039,2019-11-18,14.65415483561496
1040,2021-08-01,14.681517708621563
1041,2022-09-08,14.490580021131706
1042,2022-10-09,14.525974698558496
1043,2020-01-25,14.812420983632027
1044,2021-06-12,14.639716547181717
1045,2020-10-14,14.657994139041401
1046,2020-09-15,14.573564630517062
1047,2024-03-15,14.64000094002812
1048,2020-07-06,14.746946411219827
1049,2021-11-06,14.538627122235834
1050,2021-08-07,14.664432731924213
1051,2020-01-23,14.767100078469493
1052,2021-06-14,14.657168482390555
1053,2020-10-12,14.674884933526423
1054,2020-09-13,14.541107150175971
1055,2023-06-09,14.565262194194652
1056,2024-03-13,14.643164428195902
1057,2018-08-19,14.85475576390733
1058,2018-11-18,14.93678475216902
1059,2020-08-01,14.663389958154069
1060,2023-09-08,14.568385928523691
1061,2024-02-01,14.557718138795982
1062,2023-10-09,14.527928752632167
1063,2021-01-25,14.526402816821898
1064,2020-06-12,14.658743346002355
1065,2021-10-14,14.545029019267497
1066,2021-09-15,14.596620327995076
1067,2024-04-22,14.732862849347688
1068,2021-07-06,14.646739215695312
1069,2023-06-18,14.52111402727508
1070,2020-09-02,14.615734279462195
1071,2020-10-03,14.611398053051447
1072,2024-03-02,14.62030138393642
1073,2020-07-11,14.76705879563695
1074,2021-08-16,14.655104340763435
1075,2021-11-17,14.602451910340136
1076,2024-05-21,14.68875596526066
1077,2021-06-05,14.578471171614412
1078,2021-09-04,14.573679305051902
1079,2021-10-05,14.613639557959118
1080,2023-01-29,14.580943554585561
1081,2021-07-17,14.580411464743904
1082,2020-08-10,14.770905744032381
1083,2020-11-11,14.632609784009237
1084,2018-11-09,14.957098963767463
1085,2020-06-03,14.635291639130694
1086,2023-10-18,14.391389606482772
1087,2024-02-10,14.537617986329241
1088,2023-09-19,14.521323499425389
1089,2021-01-07,14.61190567899234
1090,2020-06-30,14.749865260379954
1091,2024-02-23,14.540645394049015
1092,2020-08-23,14.661900718194948
1093,2020-11-22,14.742449640460304
1094,2021-07-24,14.684662848863773
1095,2024-05-12,14.717591259294606
1096,2020-01-01,14.610888898116759
1097,2021-08-25,14.616816807071084
1098,2021-11-24,14.5423043523197
1099,2024-03-31,14.547356147827848
1100,2020-07-22,14.75732522111974
1101,2018-10-28,14.70862676865772
1102,2018-09-29,14.72364913272175
1103,2020-10-30,14.667096239120095
1104,2024-04-11,14.600788365088059
1105,2021-10-27,14.356907738353307
1106,2021-09-26,14.60754193069323
1107,2020-06-21,14.70953040399226
1108,2021-01-16,14.640565138739532
1109,2023-07-28,14.499656128315836
1110,2023-08-29,14.558418417955405
1111,2024-03-20,14.548028905098908
1112,2023-11-28,14.650911839769687
1113,2020-10-21,14.690043378038462
1114,2020-09-20,14.550002836091954
1115,2021-06-27,14.619712721324241
1116,2020-01-10,14.634860462879695
1117,2024-05-03,14.58479814794998
1118,2021-06-07,14.603236284158442
1119,2020-01-30,14.817136400504644
1120,2024-05-23,14.659159232315375
1121,2021-08-14,14.679051441625607
1122,2021-11-15,14.58317894351804
1123,2020-07-13,14.779766263091012
1124,2023-11-08,14.415203684884528
1125,2023-08-09,14.49808432269163
1126,2020-10-01,14.613804689289289
1127,2018-10-19,14.740978748426759
1128,2018-09-18,14.754383437052645
1129,2024-02-12,14.545314941107698
1130,2020-06-01,14.621746283075401
1131,2023-07-08,14.55790620503312
1132,2020-08-12,14.774472886562801
1133,2020-11-13,14.662134654246021
1134,2021-07-15,14.586661991389578
1135,2021-09-06,14.54945392731852
1136,2021-10-07,14.63211286102493
1137,2024-03-11,14.651917917688683
1138,2023-08-18,14.587593148612479
1139,2023-11-19,14.535628765398219
1140,2020-07-02,14.743891481611692
1141,2018-09-09,14.82638834197553
1142,2018-10-08,14.69228794093373
1143,2020-10-10,14.692477536164665
1144,2020-09-11,14.54191751688884
1145,2020-01-21,14.718106530204487
1146,2021-06-16,14.667860736019028
1147,2021-11-04,14.524575669233448
1148,2021-08-05,14.658500235988495
1149,2021-07-04,14.658595033603962
1150,2024-04-20,14.741423685621937
1151,2021-10-16,14.49653698096819
1152,2021-09-17,14.610674838985057
1153,2021-01-27,14.505207904795885
1154,2020-06-10,14.670519656233516
1155,2024-02-03,14.533353622626995
1156,2020-11-02,14.660212709042105
1157,2020-08-03,14.68955104203555
1158,2023-07-19,14.510996675314605
1159,2020-08-30,14.617296911123614
1160,2018-08-28,14.746920418325264
1161,2018-11-29,14.866486204324554
1162,2020-06-23,14.719641639977544
1163,2021-01-14,14.684893726927251
1164,2021-10-25,14.329818555236523
1165,2021-09-24,14.630080828267568
1166,2023-01-09,14.440442785505894
1167,2024-04-13,14.659273906850215
1168,2024-05-01,14.5849281124228
1169,2021-06-25,14.613115113086451
1170,2020-01-12,14.640305209793894
1171,2020-10-23,14.69527406582096
1172,2020-09-22,14.563242393387672
1173,2024-03-22,14.505035128496726
1174,2020-07-31,14.666417365873842
1175,2023-01-18,14.489561711262327
1176,2024-04-02,14.534021792916661
1177,2021-07-26,14.691558610892146
1178,2020-08-21,14.690361408748418
1179,2020-11-20,14.729263597947511
1180,2023-10-29,14.403569571076568
1181,2023-09-28,14.551544061840202
1182,2024-02-21,14.535737323957868
1183,2021-01-05,14.55461886836771
1184,2023-06-29,14.558978029685424
1185,2020-07-20,14.788577854348112
1186,2021-08-27,14.613914776842735
1187,2021-11-26,14.542594861141295
1188,2020-01-03,14.575188421930395
1189,2024-05-10,14.688366071842204
1190,2022-01-18,14.500221856021046
1191,2020-07-26,14.688717740415713
1192,2021-08-21,14.625486201904982
1193,2021-11-20,14.599227262420438
1194,2022-10-29,14.509385115851654
1195,2024-05-16,14.675843612637685
1196,2022-09-28,14.508672604741848
1197,2020-01-05,14.589981436924745
1198,2022-06-29,14.497408507432972
1199,2021-07-20,14.624464834048007
1200,2024-04-04,14.546909681638871
1201,2020-08-27,14.646147495095539
1202,2020-11-26,14.722086501060332
1203,2021-01-03,14.512684684467448
1204,2024-02-27,14.573321520503201
1205,2021-08-30,14.60968405100404
1206,2019-08-28,14.75478862040908
1207,2019-11-29,14.507004472508378
1208,2021-06-23,14.61122374775849
1209,2020-01-14,14.628077846392364
1210,2024-05-07,14.653055489074296
1211,2020-10-25,14.719448986759012
1212,2020-09-24,14.561771501354125
1213,2022-01-09,14.618558331006852
1214,2024-03-24,14.497819806764598
1215,2020-06-25,14.738272429404535
1216,2021-01-12,14.696537014697997
1217,2021-10-23,14.37535199053696
1218,2021-09-22,14.640869408505306
1219,2024-04-15,14.656923843382895
1220,2019-07-29,14.734633424165615
1221,2021-07-31,14.693972892098977
1222,2022-08-18,14.48047643011541
1223,2024-04-26,14.73627097652313
1224,2022-11-19,14.42111936188847
1225,2021-07-02,14.6637981994981
1226,2019-09-09,14.802230239969253
1227,2019-10-08,14.676459797138223
1228,2021-10-10,14.605230092070858
1229,2021-09-11,14.581360969892378
1230,2024-02-05,14.522696535855872
1231,2021-01-21,14.561311274220968
1232,2020-06-16,14.667478487569563
1233,2020-11-04,14.647389038059405
1234,2020-08-05,14.704753827367727
1235,2020-07-04,14.745516802018823
1236,2024-03-17,14.596771698381065
1237,2020-10-16,14.65731526579515
1238,2020-09-17,14.555550025590609
1239,2020-01-27,14.822442008983238
1240,2021-06-10,14.615584438070004
1241,2019-06-08,14.64228525676213
1242,2021-11-02,14.511813158002665
1243,2021-08-03,14.675250363044112
1244,2022-07-19,14.454677717764023
1245,2020-06-07,14.645595528334509
1246,2021-01-30,14.533645660442387
1247,2019-01-28,14.603508445054462
1248,2024-02-14,14.5502551200686
1249,2020-08-14,14.741318185049884
1250,2020-11-15,14.690130530684941
1251,2021-07-13,14.595537800386188
1252,2022-11-08,14.425399015528695
1253,2022-08-09,14.506735369599953
1254,2021-10-01,14.57585047624487
1255,2019-10-19,14.850434827434562
1256,2019-09-18,14.834392624507355
1257,2019-06-19,14.627570220451473
1258,2024-05-25,14.657798427835274
1259,2021-06-01,14.518403121271465
1260,2022-07-08,14.521815835428301
1261,2021-08-12,14.680730276815662
1262,2021-11-13,14.52943175353547
1263,2024-03-06,14.674204531286373
1264,2020-07-15,14.79800563010575
1265,2020-09-06,14.5736808340457
1266,2020-10-07,14.6870067963559
1267,2020-11-19,14.723924351605366
1268,2020-08-18,14.714872708322002
1269,2018-11-01,14.841364836225623
1270,2023-07-02,14.57789168296502
1271,2024-02-18,14.534812282710158
1272,2023-09-11,14.550889652494716
1273,2023-10-10,14.543967897571777
1274,2019-01-24,14.624671248210719
1275,2019-09-14,14.839537688637174
1276,2019-10-15,14.752421738009984
1277,2023-01-21,14.512070028960705
1278,2022-06-16,14.61227722448522
1279,2022-08-05,14.514979704158044
1280,2022-11-04,14.474718239472647
1281,2019-07-07,14.725881463666633
1282,2019-08-06,14.742845649853953
1283,2019-11-07,14.759994844290812
1284,2022-07-04,14.515576011739212
1285,2022-09-17,14.468437132951015
1286,2022-10-16,14.576506414584156
1287,2019-06-15,14.659319776664152
1288,2018-09-12,14.811450072570382
1289,2018-10-13,14.63169085873672
1290,2022-01-27,14.41721431172872
1291,2023-06-10,14.563760722285148
1292,2023-08-03,14.473323797128995
1293,2023-11-02,14.365606184069364
1294,2020-07-19,14.807055744395317
1295,2022-06-07,14.58358871385587
1296,2023-01-30,14.589476868971449
1297,2019-10-04,14.693128887522555
1298,2019-09-05,14.771054056430774
1299,2019-07-16,14.752236729760442
1300,2022-11-15,14.409947004207465
1301,2022-08-14,14.51679461979611
1302,2023-07-13,14.527994499365477
1303,2018-11-10,14.961413784265039
1304,2020-08-09,14.756918508769507
1305,2020-11-08,14.620270804060462
1306,2023-10-01,14.565396745648863
1307,2024-02-09,14.533845958629907
1308,2023-06-01,14.628628284159594
1309,2018-10-02,14.740643898785025
1310,2018-09-03,14.661989399835225
1311,2020-07-08,14.753712208775383
1312,2023-11-13,14.419146959889224
1313,2023-08-12,14.531029552054239
1314,2022-07-15,14.48762600511423
1315,2019-11-16,14.634504207324792
1316,2019-08-17,14.614341366112338
1317,2019-06-04,14.58837293544939
1318,2022-10-07,14.471654135901725
1319,2022-09-06,14.548820923886202
1320,2020-01-18,14.670634330768356
1321,2022-07-26,14.46590664821555
1322,2019-11-25,14.456552264160207
1323,2019-08-24,14.684065012288807
1324,2023-11-20,14.519413786171855
1325,2023-08-21,14.5823486998858
1326,2024-03-28,14.498559839762766
1327,2020-09-28,14.593605152225686
1328,2020-10-29,14.677686050164112
1329,2022-01-05,14.698498713740658
1330,2018-10-31,14.806557292417214
1331,2018-09-30,14.727269790035095
1332,2019-01-06,14.76746092100579
1333,2020-06-29,14.741546005125766
1334,2023-07-20,14.508233783521861
1335,2018-11-23,14.91023683285668
1336,2018-08-22,14.81757063474324
1337,2019-07-25,14.699610292231707
1338,2022-11-26,14.395239612865797
1339,2022-08-27,14.508692481661221
1340,2024-04-19,14.73417931300765
1341,2023-01-03,14.432325357433026
1342,2023-08-30,14.564908996627345
1343,2018-09-21,14.749035016747712
1344,2018-10-20,14.708405064557029
1345,2023-06-23,14.547108450832594
1346,2022-01-14,14.571855215451048
1347,2022-09-24,14.546155887696523
1348,2022-10-25,14.559887780995155
1349,2019-06-26,14.61446980159136
1350,2020-01-09,14.634057741135816
1351,2024-04-08,14.526292729268452
1352,2019-09-27,14.770436342936437
1353,2019-10-26,14.866025977191397
1354,2022-06-25,14.53863629619862
1355,2023-01-12,14.453847474131782
1356,2023-09-22,14.506438744803168
1357,2023-10-23,14.390278027991723
1358,2019-01-17,14.621882363523412
1359,2023-07-31,14.486330947367437
1360,2022-08-30,14.536711293007107
1361,2019-09-21,14.825767570493596
1362,2022-06-23,14.559849556150208
1363,2023-01-14,14.478476506227802
1364,2019-10-20,14.868733825207418
1365,2023-09-24,14.515202937252532
1366,2019-01-11,14.705862347871179
1367,2023-10-25,14.413982018840032
1368,2021-01-09,14.663452646899781
1369,2018-09-27,14.739192883670851
1370,2023-06-25,14.546606940866894
1371,2022-01-12,14.588220036069604
1372,2018-10-26,14.699763191611494
1373,2022-09-22,14.53022683031036
1374,2019-06-20,14.608749835793544
1375,2022-10-23,14.5928070174632
1376,2022-07-31,14.503674324016625
1377,2021-01-18,14.614445337690594
1378,2018-11-25,14.873504285856757
1379,2023-07-26,14.51177340416392
1380,2018-08-24,14.793340670028464
1381,2022-11-20,14.420175972715187
1382,2019-07-23,14.71047532215934
1383,2022-08-21,14.472021094413213
1384,2021-09-28,14.589605304450469
1385,2021-10-29,14.396302263555313
1386,2019-10-31,14.873386553334322
1387,2023-01-05,14.414520224656881
1388,2019-09-30,14.730673330229145
1389,2021-06-29,14.655832141811219
1390,2019-11-23,14.46172179219079
1391,2022-07-20,14.448066348582053
1392,2019-08-22,14.658189850247528
1393,2023-11-26,14.61669754555485
1394,2023-08-27,14.559179856866743
1395,2022-01-03,14.711455407183772
1396,2018-10-04,14.749262836823593
1397,2023-06-07,14.594102075209992
1398,2022-01-30,14.446815631655399
1399,2018-09-05,14.74894327711984
1400,2023-11-15,14.41290254921874
1401,2023-08-14,14.545559580115356
1402,2019-11-10,14.705125372860609
1403,2022-07-13,14.497758647012684
1404,2019-08-11,14.656570645815588
1405,2021-08-09,14.67803924773142
1406,2021-11-08,14.516898591374366
1407,2022-10-01,14.476086688921738
1408,2019-06-02,14.609521977661467
1409,2019-10-02,14.720825081177091
1410,2022-06-01,14.633213736559394
1411,2019-09-03,14.770375183184521
1412,2021-07-08,14.636072954961403
1413,2022-11-13,14.40282342210321
1414,2019-07-10,14.749655788229646
1415,2022-08-12,14.508415733783806
1416,2018-11-16,14.950515116473854
1417,2023-07-15,14.521343376344761
1418,2018-08-17,14.868096234793708
1419,2023-10-07,14.528245254348326
1420,2023-09-06,14.595756446499283
1421,2021-11-19,14.590690890046954
1422,2021-08-18,14.643815779553794
1423,2022-07-02,14.508651198828678
1424,2019-11-01,14.862639255929125
1425,2022-09-11,14.472987418493464
1426,2019-06-13,14.656760241046523
1427,2022-10-10,14.531428619435482
1428,2018-09-14,14.795253441269592
1429,2022-01-21,14.452289429451758
1430,2023-06-16,14.533081461730974
1431,2018-10-15,14.674938448309348
1432,2023-08-05,14.477710480335071
1433,2023-11-04,14.390085374773191
1434,2023-07-04,14.566476215270157
1435,2018-11-07,14.937449864471093
1436,2023-09-17,14.522072706386343
1437,2019-01-22,14.595025587463903
1438,2023-10-16,14.45565474480086
1439,2019-09-12,14.820065952621356
1440,2023-01-27,14.565870733726202
1441,2022-06-10,14.588475378033847
1442,2019-10-13,14.738787700314417
1443,2022-08-03,14.498697449204574
1444,2019-07-01,14.689534223103772
1445,2022-11-02,14.491841441014945
1446,2021-07-19,14.607966990969038
1447,2019-03-21,14.693237446082204
1448,2023-12-15,14.568168811404394
1449,2023-05-07,14.553976690972606
1450,2019-05-02,14.613032547421366
1451,2022-04-13,14.567587793761206
1452,2023-03-24,14.547041175105488
1453,2019-12-10,14.690176400498876
1454,2021-12-08,14.52424540657311
1455,2021-04-08,14.518225757990912
1456,2019-04-10,14.795024092199913
1457,2022-12-13,14.536890185281457
1458,2022-05-01,14.363583325274787
1459,2023-04-15,14.371431650439233
1460,2022-03-22,14.489632044977029
1461,2018-12-16,14.761525367082475
1462,2019-05-13,14.547808729992017
1463,2021-12-19,14.597673804721806
1464,2019-12-01,14.475241155351517
1465,2022-04-02,14.651739025414333
1466,2021-03-28,14.535674635212155
1467,2023-12-04,14.695102818515599
1468,2019-03-30,14.768970037884284
1469,2023-05-16,14.622516895949527
1470,2022-02-21,14.663240116761878
1471,2019-02-22,14.667640560912135
1472,2018-12-07,14.688370658823597
1473,2023-04-04,14.407266678079807
1474,2022-12-02,14.378220382901755
1475,2019-04-01,14.745637592528855
1476,2021-04-19,14.579611800987621
1477,2022-05-10,14.406904306549713
1478,2023-02-27,14.597423049738957
1479,2023-02-14,14.602158343530947
1480,2022-05-23,14.568739126090998
1481,2022-12-31,14.434631080080209
1482,2019-02-11,14.71163582845192
1483,2021-02-09,14.437950525615374
1484,2022-02-12,14.536449835067673
1485,2023-05-25,14.629761268563813
1486,2019-03-03,14.642195046128057
1487,2023-03-06,14.52405886932977
1488,2019-05-20,14.764450332217793
1489,2022-03-11,14.590793332631412
1490,2023-04-26,14.42616198343383
1491,2018-12-25,14.786379161266781
1492,2021-02-18,14.507752150475534
1493,2023-02-05,14.68904188710086
1494,2019-04-23,14.662177466072361
1495,2022-12-20,14.49926623489738
1496,2023-03-17,14.615312277173985
1497,2022-04-20,14.600270036190581
1498,2019-12-23,14.621015424040023
1499,2019-05-31,14.627475422836005
1500,2021-05-29,14.510944689525477
1501,2022-02-03,14.498452810196914
1502,2019-03-12,14.612723690674198
1503,2023-12-26,14.44167821249457
1504,2019-12-25,14.624099404530318
1505,2023-03-11,14.514505716080706
1506,2022-04-26,14.49104177725866
1507,2020-02-18,14.598248706389803
1508,2022-02-05,14.523554301376475
1509,2023-12-20,14.472485908527764
1510,2019-03-14,14.606713216054787
1511,2018-12-23,14.762178247434164
1512,2022-03-17,14.570200844161757
1513,2023-04-20,14.428123682476492
1514,2019-02-06,14.660879350337973
1515,2020-05-29,14.658576685678389
1516,2023-02-03,14.645632224185658
1517,2022-12-26,14.441332659896252
1518,2019-04-25,14.664565754384627
1519,2022-02-14,14.543552011258758
1520,2023-05-23,14.63745057837328
1521,2019-03-05,14.627625264228195
1522,2023-12-31,14.409309413793755
1523,2019-05-26,14.686801911186986
1524,2020-02-09,14.699590415312334
1525,2023-02-12,14.608866039322182
1526,2022-05-25,14.584457182333056
1527,2022-03-06,14.62973527566925
1528,2019-02-17,14.695930004160244
1529,2024-01-18,14.678426083162279
1530,2019-02-24,14.660911459207728
1531,2020-12-19,14.45821886739988
1532,2023-04-02,14.536439132111088
1533,2018-12-01,14.834696894273131
1534,2020-03-28,14.641450426148497
1535,2019-04-07,14.79148752954545
1536,2022-12-04,14.389215377302206
1537,2022-05-16,14.487260575596538
1538,2023-02-21,14.568892025470785
1539,2019-05-15,14.572361312398142
1540,2022-04-04,14.661117873370442
1541,2019-12-07,14.640470341124065
1542,2023-12-02,14.689324750953466
1543,2020-04-19,14.543570359184333
1544,2023-05-10,14.567005247124218
1545,2022-02-27,14.716397115138474
1546,2022-12-15,14.536532400732758
1547,2019-04-16,14.664058128443736
1548,2022-05-07,14.394294694698717
1549,2024-01-09,14.622714136149451
1550,2018-12-10,14.661062829593718
1551,2023-04-13,14.43920735851722
1552,2022-03-24,14.483237792914355
1553,2020-12-08,14.515238104109883
1554,2020-04-08,14.558820543324243
1555,2023-12-13,14.603282153972378
1556,2019-03-27,14.763454957255382
1557,2023-05-01,14.455371880948254
1558,2019-05-04,14.613018786477186
1559,2019-12-16,14.747217043122049
1560,2022-04-15,14.591004333775517
1561,2023-03-22,14.492436219602315
1562,2022-12-19,14.498229577102427
1563,2021-04-02,14.532072325824384
1564,2022-03-28,14.550661832418834
1565,2020-12-04,14.592840655326754
1566,2024-01-05,14.525051186304585
1567,2020-05-16,14.58913896134212
1568,2021-02-21,14.555831360449417
1569,2020-04-04,14.468917237003545
1570,2021-12-02,14.486454795865065
1571,2022-04-19,14.615810729152088
1572,2021-05-10,14.41771582169442
1573,2020-02-27,14.535740381945462
1574,2019-05-08,14.609492926779307
1575,2020-12-15,14.451171734985518
1576,2020-05-07,14.598341975011474
1577,2019-02-28,14.676231977062342
1578,2024-01-14,14.651425581685771
1579,2021-04-13,14.55976240350373
1580,2020-03-24,14.745701810268365
1581,2022-12-08,14.447482272951268
1582,2022-04-08,14.515796186846105
1583,2021-12-13,14.53163809158579
1584,2019-05-19,14.747822524666004
1585,2021-05-01,14.426669609374722
1586,2020-04-15,14.642910615225457
1587,2021-03-22,14.574364294273346
1588,2019-03-09,14.626192597039596
1589,2021-03-11,14.572922453121958
1590,2020-04-26,14.49949558396706
1591,2022-02-18,14.592256579695968
1592,2020-02-05,14.75216028007055
1593,2021-12-20,14.628973836757913
1594,2020-03-17,14.718523945511304
1595,2021-04-20,14.517768588845351
1596,2022-05-29,14.598393960800601
1597,2021-02-03,14.470252048589082
1598,2024-01-27,14.593440020895516
1599,2020-12-26,14.440427495567917
1600,2020-02-14,14.665168177940988
1601,2021-05-23,14.494272541153551
1602,2021-12-31,14.709894304516151
1603,2019-12-29,14.615685351660662
1604,2019-03-18,14.645464034867894
1605,2022-02-09,14.539692830912946
1606,2021-02-12,14.437994866435512
1607,2020-05-25,14.644199556997059
1608,2019-04-29,14.621799797858328
1609,2020-03-06,14.574104365327708
1610,2021-02-14,14.455125712946797
1611,2020-05-23,14.614844405071837
1612,2024-01-30,14.568789582886328
1613,2020-12-31,14.445225478105618
1614,2018-12-29,14.785753802803454
1615,2023-02-09,14.636990351240122
1616,2020-02-12,14.680794494555172
1617,2021-05-25,14.501212644002063
1618,2021-03-06,14.668672631725695
1619,2020-03-11,14.622932782262545
1620,2021-04-26,14.423307352013214
1621,2023-02-18,14.58686840555229
1622,2024-01-21,14.671328493952588
1623,2021-02-05,14.450254338706799
1624,2020-12-20,14.473776379293163
1625,2021-03-17,14.59368924688457
1626,2020-04-20,14.524150608957642
1627,2023-05-29,14.631782598364591
1628,2020-02-03,14.771148854046242
1629,2021-12-26,14.75995967743346
1630,2021-12-15,14.526979247483693
1631,2021-05-07,14.462399136443244
1632,2020-04-13,14.684364695073189
1633,2021-03-24,14.580760075329817
1634,2023-12-08,14.652807792079042
1635,2023-04-08,14.472794765274934
1636,2020-12-13,14.454105874083622
1637,2024-01-12,14.632709168606098
1638,2020-05-01,14.573249657794701
1639,2021-04-15,14.594579121274926
1640,2020-03-22,14.755572994227386
1641,2023-12-19,14.484068036546596
1642,2020-04-02,14.549388180585211
1643,2023-03-28,14.573125809297075
1644,2021-12-04,14.473034817301198
1645,2021-05-16,14.426666551387125
1646,2020-02-21,14.549993662129166
1647,2021-04-04,14.504168189013336
1648,2020-12-02,14.638782331971221
1649,2023-04-19,14.394088280536003
1650,2020-05-10,14.602395337569614
1651,2021-02-27,14.64952810038262
1652,2024-01-03,14.50114231028736
1653,2024-01-13,14.646344735295463
1654,2020-12-12,14.462663652370276
1655,2023-04-09,14.482318867641837
1656,2020-03-23,14.753858992179978
1657,2021-04-14,14.57865923785155
1658,2021-05-06,14.43634814011521
1659,2021-12-14,14.526352360026568
1660,2023-12-09,14.636401688627943
1661,2021-03-25,14.575538561510106
1662,2020-04-12,14.631397291927529
1663,2021-04-05,14.508885134879751
1664,2024-01-02,14.45104941548169
1665,2021-02-26,14.641236367016795
1666,2020-05-11,14.607694830073017
1667,2023-04-18,14.386996807301504
1668,2020-12-03,14.613500419523513
1669,2020-04-03,14.517017852890598
1670,2023-12-18,14.492384233813187
1671,2020-02-20,14.56590742957735
1672,2021-05-17,14.445436479249723
1673,2021-12-05,14.496379494607009
1674,2023-03-29,14.496075224841235
1675,2021-05-24,14.497406978439175
1676,2020-02-13,14.663610133260962
1677,2021-03-07,14.680748624741238
1678,2020-04-30,14.54607332203144
1679,2018-12-28,14.787603885298871
1680,2020-12-30,14.422940393501728
1681,2024-01-31,14.558019350574163
1682,2020-05-22,14.604009955020162
1683,2021-02-15,14.470276512489848
1684,2023-02-08,14.656815284823248
1685,2020-03-01,14.545845501955556
1686,2023-05-28,14.62717879803922
1687,2020-04-21,14.478257860114706
1688,2021-03-16,14.57674646661042
1689,2021-12-27,14.745058103879463
1690,2020-02-02,14.78255514777832
1691,2023-02-19,14.580139303847885
1692,2021-04-27,14.441883097663485
1693,2020-03-10,14.602088009816244
1694,2020-12-21,14.479271583002692
1695,2021-02-04,14.455315308177733
1696,2024-01-20,14.68515212687909
1697,2022-05-28,14.607653547240474
1698,2021-04-21,14.47090645793457
1699,2020-03-16,14.700143911067162
1700,2020-12-27,14.424119247719881
1701,2024-01-26,14.601930523455064
1702,2021-02-02,14.495954434331203
1703,2022-02-19,14.616585929007606
1704,2020-04-27,14.479585026731254
1705,2021-03-10,14.63605307804203
1706,2019-03-08,14.616192977601555
1707,2021-12-21,14.65717765635334
1708,2020-02-04,14.763459544236776
1709,2020-05-24,14.618507874211522
1710,2021-02-13,14.443253076106371
1711,2020-03-07,14.588325536641657
1712,2021-04-30,14.4385758840787
1713,2019-04-28,14.641129337450945
1714,2019-12-28,14.624146803338052
1715,2021-12-30,14.728896639436025
1716,2021-05-22,14.47147218563978
1717,2020-02-15,14.655018717110755
1718,2022-02-08,14.537700551994327
1719,2019-03-19,14.660182129166147
1720,2021-03-01,14.677690637145506
1721,2020-04-05,14.458295317089773
1722,2019-05-09,14.600146187692955
1723,2020-02-26,14.534153286383278
1724,2021-05-11,14.42229362912523
1725,2022-04-18,14.629588492264654
1726,2021-12-03,14.476233472326333
1727,2021-04-03,14.523717903712846
1728,2022-12-18,14.49361354482667
1729,2021-02-20,14.541120911120153
1730,2020-05-17,14.586830180707343
1731,2024-01-04,14.509466152522942
1732,2020-12-05,14.561740921478167
1733,2022-03-29,14.578148553923063
1734,2019-05-18,14.700584261280948
1735,2021-12-12,14.521803603477919
1736,2022-04-09,14.56625909815086
1737,2021-03-23,14.56323016143729
1738,2020-04-14,14.674465989225807
1739,2024-01-15,14.65707827175648
1740,2020-05-06,14.590940116036005
1741,2020-12-14,14.445600081586095
1742,2022-12-09,14.480601807606835
1743,2020-03-25,14.708189476431532
1744,2021-04-12,14.547654301618431
1745,2022-04-05,14.654899455594522
1746,2019-12-06,14.6296985798181
1747,2019-05-14,14.540195869872443
1748,2022-02-26,14.723531400199313
1749,2023-05-11,14.577877922020841
1750,2020-04-18,14.583562720961305
1751,2023-12-03,14.700715754747565
1752,2023-04-03,14.414689942968446
1753,2020-12-18,14.461322724809547
1754,2019-02-25,14.672024186130615
1755,2024-01-19,14.689251359251168
1756,2023-02-20,14.56989810338978
1757,2022-05-17,14.494047779065264
1758,2019-04-06,14.774671655756524
1759,2022-12-05,14.422747740283196
1760,2020-03-29,14.609080098453884
1761,2023-12-12,14.622435859278239
1762,2019-03-26,14.748360730482853
1763,2020-04-09,14.545406680735569
1764,2019-12-17,14.750495205824674
1765,2023-03-23,14.531665613474152
1766,2022-04-14,14.560263913469429
1767,2019-05-05,14.609216178901894
1768,2022-05-06,14.368226879438906
1769,2022-12-14,14.53967601198117
1770,2019-04-17,14.647592394234522
1771,2020-12-09,14.502599441376727
1772,2018-12-11,14.664870024150403
1773,2022-03-25,14.491904129760657
1774,2023-04-12,14.474993458356263
1775,2024-01-08,14.60686152845318
1776,2020-05-28,14.673161757516228
1777,2019-02-07,14.663270696637836
1778,2018-12-22,14.760072822974504
1779,2023-04-21,14.449324710477695
1780,2022-03-16,14.588189456193646
1781,2022-12-27,14.44097640434135
1782,2019-04-24,14.657688340281828
1783,2023-02-02,14.620305970917812
1784,2020-02-19,14.578096568133935
1785,2019-12-24,14.60434786264949
1786,2022-04-27,14.466619159325354
1787,2023-03-10,14.497998699038948
1788,2023-12-21,14.474423143669659
1789,2019-03-15,14.605052728790305
1790,2022-02-04,14.514085242786292
1791,2022-05-24,14.574122713253283
1792,2023-02-13,14.602751593124518
1793,2019-02-16,14.693861275551733
1794,2022-03-07,14.620882401579609
1795,2023-04-30,14.43561728107983
1796,2019-03-04,14.625065728610569
1797,2023-12-30,14.381156050993656
1798,2023-05-22,14.639944367257598
1799,2022-02-15,14.548111470763994
1800,2020-02-08,14.707926489498298
1801,2019-05-27,14.671200058473566
1802,2023-03-01,14.591360589330419
1803,2019-03-02,14.652917879632488
1804,2023-05-24,14.627833207384706
1805,2022-02-13,14.531876614618257
1806,2019-05-21,14.757163147777165
1807,2023-03-07,14.500163754256727
1808,2022-04-30,14.375150163355642
1809,2022-12-30,14.431426309079882
1810,2022-05-22,14.54948909417587
1811,2023-02-15,14.594571476305937
1812,2021-02-08,14.443837151737156
1813,2019-02-10,14.704807342150652
1814,2022-03-01,14.691740561154093
1815,2021-05-28,14.506438744803168
1816,2019-05-30,14.627605387308822
1817,2022-04-21,14.609327795449138
1818,2023-03-16,14.632516515387568
1819,2019-12-22,14.639360291626813
1820,2019-03-13,14.613787870357513
1821,2023-12-27,14.41343922604179
1822,2022-02-02,14.497221970189633
1823,2019-02-01,14.635621901791032
1824,2021-02-19,14.520494784786946
1825,2023-04-27,14.430742848852235
1826,2022-03-10,14.600175238575115
1827,2018-12-24,14.766552698689859
1828,2019-04-22,14.664501536645117
1829,2022-12-21,14.491803216169998
1830,2023-02-04,14.67321833028675
1831,2019-04-11,14.745281336973951
1832,2022-12-12,14.543474032575068
1833,2021-04-09,14.516511755943505
1834,2022-03-23,14.483641447276991
1835,2023-04-14,14.417611850116167
1836,2018-12-17,14.747221630103443
1837,2023-05-06,14.520114065331278
1838,2019-03-20,14.683240884631758
1839,2023-12-14,14.584006129162686
1840,2021-12-09,14.530566266933485
1841,2023-03-25,14.589443231107897
1842,2022-04-12,14.59843065665175
1843,2019-12-11,14.695113521472184
1844,2019-05-03,14.61333070121195
1845,2018-12-06,14.712857494496415
1846,2023-04-05,14.445436479249723
1847,2019-02-23,14.66367587999427
1848,2023-02-26,14.601025359126728
1849,2022-05-11,14.408491402111897
1850,2021-04-18,14.588594639550081
1851,2022-12-03,14.384781295288397
1852,2022-04-03,14.659353414527704
1853,2021-12-18,14.57277108273597
1854,2019-05-12,14.58032889907882
1855,2022-02-20,14.6448142125038
1856,2023-05-17,14.615113507980261
1857,2023-12-05,14.684957944666762
1858,2019-03-31,14.742509271218422
1859,2021-03-29,14.533339861682814
1860,2022-08-13,14.51803463376618
1861,2022-11-12,14.407245272166637
1862,2019-07-11,14.74871392805016
1863,2021-07-09,14.629755152588622
1864,2019-09-02,14.772894964963404
1865,2019-10-03,14.695485066965066
1866,2023-09-07,14.571908730233973
1867,2023-10-06,14.533641073460993
1868,2018-08-16,14.87400426682866
1869,2018-11-17,14.943656050296628
1870,2023-07-14,14.520422922078446
1871,2023-08-15,14.558670701932053
1872,2023-11-14,14.396825179434183
1873,2018-09-04,14.729918007292998
1874,2018-10-05,14.745224764203432
1875,2022-01-31,14.465735400910187
1876,2023-06-06,14.617694449511058
1877,2022-09-01,14.563052798156736
1878,2019-06-03,14.594695324803565
1879,2021-11-09,14.520614046303178
1880,2021-08-08,14.661831913474044
1881,2019-08-10,14.66599689257943
1882,2019-11-11,14.70221569766327
1883,2022-07-12,14.501828828502603
1884,2019-01-23,14.614686918710657
1885,2023-10-17,14.419530737332487
1886,2023-09-16,14.520953482926306
1887,2023-07-05,14.570980630998669
1888,2018-11-06,14.92940582810052
1889,2021-07-18,14.587640547420213
1890,2022-11-03,14.476828250913702
1891,2022-08-02,14.495468214303482
1892,2022-06-11,14.61470526663623
1893,2023-01-26,14.559626323055719
1894,2019-10-12,14.70546022250234
1895,2019-09-13,14.829469264478229
1896,2019-06-12,14.676767124891596
1897,2022-10-11,14.529999010234478
1898,2022-09-10,14.479326626779415
1899,2022-07-03,14.510570086045
1900,2019-08-01,14.736139483056514
1901,2021-08-19,14.639987179083938
1902,2021-11-18,14.585394455531148
1903,2023-11-05,14.424767541090176
1904,2023-08-04,14.471597563131205
1905,2023-06-17,14.516523987893889
1906,2022-01-20,14.456283161251783
1907,2018-10-14,14.633418621728309
1908,2018-09-15,14.786995345767322
1909,2022-01-13,14.584044354007633
1910,2023-06-24,14.541047519417855
1911,2018-10-27,14.695761814842479
1912,2018-09-26,14.73394996393797
1913,2022-07-30,14.495428460464737
1914,2019-06-21,14.610890427110556
1915,2022-10-22,14.601218012345258
1916,2022-09-23,14.543211045641835
1917,2023-01-15,14.477612624732007
1918,2022-06-22,14.559121755102424
1919,2019-10-21,14.874255021811509
1920,2019-09-20,14.82802130735165
1921,2022-11-30,14.370885799653394
1922,2022-08-31,14.55573656283395
1923,2021-01-08,14.628418812009288
1924,2019-01-10,14.716634109177143
1925,2023-10-24,14.39447817395446
1926,2023-09-25,14.520944308963518
1927,2019-08-23,14.67889854224582
1928,2019-11-22,14.483141466305089
1929,2022-07-21,14.451511171608644
1930,2021-06-28,14.641823500635175
1931,2019-06-30,14.68404207738184
1932,2022-01-02,14.705802717113063
1933,2023-08-26,14.555982730835405
1934,2023-11-27,14.639225740172602
1935,2018-08-25,14.773998898485463
1936,2018-11-24,14.892917920108257
1937,2023-07-27,14.504096326304836
1938,2019-01-01,14.801237922994439
1939,2021-01-19,14.598328214067292
1940,2019-10-30,14.885818801904767
1941,2023-01-04,14.423512237182129
1942,2021-10-28,14.369502060266326
1943,2021-09-29,14.587229248088587
1944,2022-08-20,14.475259503277092
1945,2022-11-21,14.412368930383284
1946,2019-07-22,14.710620576570138
1947,2018-08-23,14.812028032225976
1948,2023-07-21,14.513586790808189
1949,2018-11-22,14.9092919146896
1950,2020-06-28,14.728818660752333
1951,2019-01-07,14.74928730072436
1952,2023-01-02,14.435719723664288
1953,2022-08-26,14.4969589832564
1954,2024-04-18,14.711415653345027
1955,2019-07-24,14.703958750592836
1956,2022-11-27,14.391138851499921
1957,2019-08-25,14.707217036376088
1958,2022-07-27,14.474790102181148
1959,2019-11-24,14.449538769609397
1960,2020-01-19,14.683545154397533
1961,2022-01-04,14.7067063524476
1962,2018-10-30,14.77827855212569
1963,2020-10-28,14.6970369956699
1964,2020-09-29,14.594595940206704
1965,2023-08-20,14.581870124827068
1966,2024-03-29,14.495270974103557
1967,2023-11-21,14.535926919188803
1968,2019-10-27,14.87981444326055
1969,2023-01-13,14.472744308479603
1970,2022-06-24,14.561013120430383
1971,2019-09-26,14.79074902554108
1972,2024-04-09,14.543140711927132
1973,2023-07-30,14.499356445531454
1974,2023-10-22,14.358311354659747
1975,2019-01-16,14.628406580058904
1976,2023-09-23,14.512602118802363
1977,2018-10-21,14.681823507381136
1978,2022-01-15,14.56585850177582
1979,2023-06-22,14.539842672305136
1980,2018-09-20,14.754296284406168
1981,2023-11-30,14.668778132297748
1982,2023-08-31,14.568876735532806
1983,2020-01-08,14.632438536703877
1984,2022-10-24,14.570240598000503
1985,2019-06-27,14.63261437099063
1986,2022-09-25,14.538946681939587
1987,2022-10-17,14.589926393148021
1988,2019-06-14,14.6539117256011
1989,2024-05-28,14.64705724640527
1990,2022-09-16,14.466695609015247
1991,2019-11-06,14.785938811052995
1992,2022-07-05,14.519794505627523
1993,2019-08-07,14.731495928892397
1994,2020-07-18,14.819032352813998
1995,2023-11-03,14.345397473042974
1996,2023-08-02,14.474774812243169
1997,2018-10-12,14.623354784550756
1998,2023-06-11,14.563740845365775
1999,2022-01-26,14.412670142161465
2000,2018-09-13,14.81194699555469
2001,2023-10-11,14.556802271511062
2002,2019-01-25,14.614486620523136
2003,2024-02-19,14.537448268017679
2004,2023-09-10,14.551562409765776
2005,2023-07-03,14.578255583488913
2006,2020-08-19,14.701859442108367
2007,2020-11-18,14.70583329698902
2008,2022-11-05,14.47162814300716
2009,2019-07-06,14.7248310449275
2010,2022-08-04,14.496911584448666
2011,2019-10-14,14.755998054503191
2012,2022-06-17,14.612518805505283
2013,2023-01-20,14.501324260549307
2014,2019-09-15,14.849739135256533
2015,2023-08-13,14.535433054192092
2016,2023-11-12,14.430649580230567
2017,2020-07-09,14.756426172766593
2018,2018-09-02,14.667660437831508
2019,2018-10-03,14.74671553315635
2020,2022-09-07,14.525938002707347
2021,2019-06-05,14.594574534293534
2022,2022-10-06,14.481008519957067
2023,2019-08-16,14.601837254833395
2024,2022-07-14,14.487396656044549
2025,2019-11-17,14.653592165897347
2026,2022-08-15,14.511889607692558
2027,2019-07-17,14.735287833511103
2028,2022-11-14,14.398545297456781
2029,2019-09-04,14.768645891199135
2030,2023-01-31,14.597533137292404
2031,2022-06-06,14.588677205215165
2032,2019-10-05,14.70079679141885
2033,2023-09-01,14.572037165712993
2034,2024-02-08,14.528526589207134
2035,2020-11-09,14.621487883123564
2036,2020-08-08,14.744448035354115
2037,2023-07-12,14.52557716017105
2038,2018-11-11,14.945258435796791
2039,2020-09-16,14.565931893478117
2040,2020-10-17,14.661016959779781
2041,2024-03-16,14.617315259049187
2042,2020-07-05,14.748206302109269
2043,2022-07-18,14.457197499542906
2044,2021-08-02,14.676557652741288
2045,2021-11-03,14.52076388769537
2046,2019-06-09,14.652706878488383
2047,2021-06-11,14.623645293372352
2048,2020-01-26,14.813177835561971
2049,2021-09-10,14.567156617510207
2050,2021-10-11,14.58635313464241
2051,2019-10-09,14.685938029691194
2052,2019-09-08,14.788953986822387
2053,2021-07-03,14.665061148375136
2054,2022-11-18,14.408011298059368
2055,2022-08-19,14.478256331120908
2056,2024-04-27,14.710802526832083
2057,2020-08-04,14.694960622092397
2058,2020-11-05,14.645032858616895
2059,2020-06-17,14.673008858136441
2060,2021-01-20,14.585148287529691
2061,2024-02-04,14.525490007524573
2062,2021-11-12,14.525759110432997
2063,2021-08-13,14.684895255921049
2064,2022-07-09,14.510767326244924
2065,2024-05-24,14.664663609987691
2066,2019-06-18,14.648003693566148
2067,2020-10-06,14.686338626066235
2068,2020-09-07,14.558640122056095
2069,2020-07-14,14.801548308735406
2070,2024-03-07,14.665319548326975
2071,2020-11-14,14.678054537669398
2072,2020-08-15,14.753803948403254
2073,2024-02-15,14.551822338711414
2074,2019-01-29,14.608653509184279
2075,2021-01-31,14.522172090983204
2076,2020-06-06,14.643763793764666
2077,2019-09-19,14.831640435671197
2078,2019-10-18,14.796413947562172
2079,2021-09-01,14.614593650088986
2080,2022-08-08,14.50126462979119
2081,2022-11-09,14.433594422285255
2082,2021-07-12,14.60300081911357
2083,2024-04-05,14.518640115310134
2084,2021-07-21,14.63285900999829
2085,2022-06-28,14.500515422830237
2086,2024-02-26,14.568639741494136
2087,2021-01-02,14.482534455767336
2088,2020-11-27,14.727973127182114
2089,2020-08-26,14.655353566752488
2090,2020-07-27,14.681646144100585
2091,2022-01-19,14.48329130769728
2092,2020-01-04,14.57802164743784
2093,2024-05-17,14.676701378158286
2094,2022-09-29,14.49289033076028
2095,2022-10-28,14.508787279276689
2096,2021-11-21,14.585388339555957
2097,2021-08-20,14.643828011504176
2098,2021-01-13,14.68685695496371
2099,2020-06-24,14.731641183303193
2100,2021-07-30,14.689502114234017
2101,2019-07-28,14.732910248155422
2102,2024-04-14,14.653622745773303
2103,2021-09-23,14.635169319626865
2104,2021-10-22,14.4223868977469
2105,2024-05-06,14.64415521617692
2106,2020-01-15,14.63429779316208
2107,2021-06-22,14.626822542484316
2108,2019-11-28,14.470764261511368
2109,2019-08-29,14.771132035114466
2110,2021-08-31,14.61803694412178
2111,2021-11-30,14.530000539228276
2112,2024-03-25,14.493865828803319
2113,2022-01-08,14.632947691638565
2114,2020-09-25,14.563347893959724
2115,2020-10-24,14.711846829596025
2116,2020-01-13,14.636170810564465
2117,2021-06-24,14.608494493829301
2118,2020-07-30,14.671273450175864
2119,2024-03-23,14.490714572585917
2120,2020-09-23,14.565520594146491
2121,2020-10-22,14.692856726626534
2122,2021-01-15,14.663327269408356
2123,2020-06-22,14.715553110562052
2124,2018-11-28,14.876690708931509
2125,2018-08-29,14.728622949546207
2126,2020-08-31,14.630278068467492
2127,2020-11-30,14.691301739934106
2128,2024-04-12,14.643457995005093
2129,2023-01-08,14.448966925928996
2130,2021-09-25,14.622397634433293
2131,2021-10-24,14.372555460880664
2132,2020-07-21,14.781261619025324
2133,2023-06-28,14.564405957667846
2134,2024-05-11,14.724037497146407
2135,2020-01-02,14.58260709983764
2136,2021-11-27,14.531650323536173
2137,2021-08-26,14.614364301019307
2138,2021-07-27,14.68840429668715
2139,2024-04-03,14.546843934905564
2140,2023-01-19,14.506483085623305
2141,2021-01-04,14.526783536277566
2142,2023-09-29,14.551562409765776
2143,2024-02-20,14.537370289333987
2144,2023-10-28,14.382633059002394
2145,2020-11-21,14.736040098459652
2146,2020-08-20,14.68702973126287
2147,2020-11-12,14.64212165442576
2148,2020-08-13,14.76120733637252
2149,2023-07-09,14.556293116576372
2150,2024-02-13,14.553490470944885
2151,2021-10-06,14.618403902633268
2152,2021-09-07,14.539501706688213
2153,2021-07-14,14.59020619901303
2154,2024-04-30,14.587765924911638
2155,2021-11-14,14.568332413740766
2156,2021-08-15,14.670693961526473
2157,2024-05-22,14.671192413504578
2158,2020-01-31,14.808659658889278
2159,2021-06-06,14.596011788463526
2160,2018-09-19,14.75807748606829
2161,2018-10-18,14.726496119173376
2162,2020-09-01,14.62034266676896
2163,2023-08-08,14.496940635330827
2164,2024-03-01,14.613793986332704
2165,2023-11-09,14.466532006678875
2166,2020-07-12,14.76331428982598
2167,2021-09-16,14.608248325827844
2168,2021-10-17,14.48060486559443
2169,2024-04-21,14.745792020902439
2170,2021-07-05,14.649009771485144
2171,2023-07-18,14.511993579270813
2172,2020-08-02,14.683684292833139
2173,2020-11-03,14.655142565608383
2174,2024-02-02,14.542819623229581
2175,2020-06-11,14.673540947978099
2176,2021-01-26,14.505775161494894
2177,2020-09-10,14.536543103689343
2178,2020-10-11,14.682023805568656
2179,2018-10-09,14.647783518459255
2180,2018-09-08,14.80759853719356
2181,2020-07-03,14.751239825804234
2182,2023-11-18,14.496413132470563
2183,2024-03-10,14.667025905405394
2184,2023-08-19,14.588918786235228
2185,2021-08-04,14.66646935166297
2186,2021-11-05,14.534156344370874
2187,2021-06-17,14.638686005361954
2188,2020-01-20,14.701611745113112
