time,mp_concentration
2018-08-16,14.87400426682866
2018-08-17,14.868096234793708
2018-08-18,14.865804273090706
2018-08-19,14.85475576390733
2018-08-20,14.8434580287349
2018-08-21,14.827574841162674
2018-08-22,14.81757063474324
2018-08-23,14.812028032225976
2018-08-24,14.793340670028464
2018-08-25,14.773998898485464
2018-08-26,14.755874206005563
2018-08-27,14.752219910828666
2018-08-28,14.746920418325264
2018-08-29,14.728622949546208
2018-08-30,14.7124385501958
2018-08-31,14.69252952195379
2018-09-01,14.665678861869472
2018-09-02,14.667660437831508
2018-09-03,14.661989399835225
2018-09-04,14.729918007292998
2018-09-05,14.74894327711984
2018-09-06,14.772298657382237
2018-09-07,14.781380880541558
2018-09-08,14.80759853719356
2018-09-09,14.82638834197553
2018-09-10,14.836111213536157
2018-09-11,14.832218395326793
2018-09-12,14.811450072570382
2018-09-13,14.81194699555469
2018-09-14,14.795253441269592
2018-09-15,14.786995345767322
2018-09-16,14.784535194746557
2018-09-17,14.772879675025424
2018-09-18,14.754383437052644
2018-09-19,14.75807748606829
2018-09-20,14.754296284406168
2018-09-21,14.749035016747712
2018-09-22,14.740868660873312
2018-09-23,14.737619549052848
2018-09-24,14.72225927735949
2018-09-25,14.725152133625052
2018-09-26,14.73394996393797
2018-09-27,14.739192883670851
2018-09-28,14.73309066942357
2018-09-29,14.72364913272175
2018-09-30,14.727269790035097
2018-10-01,14.73051890185556
2018-10-02,14.740643898785024
2018-10-03,14.74671553315635
2018-10-04,14.749262836823592
2018-10-05,14.745224764203432
2018-10-06,14.74994629705124
2018-10-07,14.72312621684288
2018-10-08,14.69228794093373
2018-10-09,14.647783518459256
2018-10-10,14.62772923580645
2018-10-11,14.630450844766653
2018-10-12,14.623354784550756
2018-10-13,14.63169085873672
2018-10-14,14.633418621728309
2018-10-15,14.674938448309348
2018-10-16,14.68521022864341
2018-10-17,14.720043765346382
2018-10-18,14.726496119173376
2018-10-19,14.74097874842676
2018-10-20,14.708405064557027
2018-10-21,14.681823507381136
2018-10-22,14.660179071178552
2018-10-23,14.67788787734543
2018-10-24,14.689064822007827
2018-10-25,14.69630460764072
2018-10-26,14.699763191611494
2018-10-27,14.69576181484248
2018-10-28,14.70862676865772
2018-10-29,14.742376248758008
2018-10-30,14.77827855212569
2018-10-31,14.806557292417214
2018-11-01,14.841364836225624
2018-11-02,14.855327607587732
2018-11-03,14.88304520715544
2018-11-04,14.908045784744338
2018-11-05,14.9139477008041
2018-11-06,14.92940582810052
2018-11-07,14.937449864471091
2018-11-08,14.945148348243343
2018-11-09,14.957098963767464
2018-11-10,14.96141378426504
2018-11-11,14.945258435796791
2018-11-12,14.954225984421273
2018-11-13,14.960750200956763
2018-11-14,14.938709755360533
2018-11-15,14.940212756263834
2018-11-16,14.950515116473854
2018-11-17,14.943656050296628
2018-11-18,14.93678475216902
2018-11-19,14.9153085052842
2018-11-20,14.907310338727566
2018-11-21,14.904107096721038
2018-11-22,14.9092919146896
2018-11-23,14.91023683285668
2018-11-24,14.892917920108257
2018-11-25,14.873504285856756
2018-11-26,14.87120926616616
2018-11-27,14.88313694678331
2018-11-28,14.876690708931507
2018-11-29,14.866486204324554
2018-11-30,14.861764671476744
2018-12-01,14.834696894273131
2018-12-02,14.81106476613332
2018-12-03,14.788276642569931
2018-12-04,14.757915412725715
2018-12-05,14.751276521655384
2018-12-06,14.712857494496417
2018-12-07,14.688370658823596
2018-12-08,14.659783061784903
2018-12-09,14.657757145002732
2018-12-10,14.661062829593718
2018-12-11,14.664870024150405
2018-12-12,14.702339546160896
2018-12-13,14.718803751376312
2018-12-14,14.749704716031175
2018-12-15,14.758519365275871
2018-12-16,14.761525367082475
2018-12-17,14.747221630103445
2018-12-18,14.74640056043399
2018-12-19,14.74601372500313
2018-12-20,14.74806257669227
2018-12-21,14.756643289885892
2018-12-22,14.760072822974504
2018-12-23,14.762178247434164
2018-12-24,14.76655269868986
2018-12-25,14.78637916126678
2018-12-26,14.800318997721922
2018-12-27,14.799040758906903
2018-12-28,14.787603885298871
2018-12-29,14.785753802803454
2018-12-30,14.789744476615883
2018-12-31,14.794504234308638
2019-01-01,14.80123792299444
2019-01-02,14.786081007476197
2019-01-03,14.78111483562073
2019-01-04,14.771768096534377
2019-01-05,14.757236539479464
2019-01-06,14.76746092100579
2019-01-07,14.74928730072436
2019-01-08,14.74425844012318
2019-01-09,14.724592521895032
2019-01-10,14.716634109177145
2019-01-11,14.70586234787118
2019-01-12,14.686632192875424
2019-01-13,14.670478373400972
2019-01-14,14.651364421933856
2019-01-15,14.636849683810718
2019-01-16,14.628406580058904
2019-01-17,14.621882363523412
2019-01-18,14.609139729212
2019-01-19,14.599280777203363
2019-01-20,14.592288688565723
2019-01-21,14.594157118986717
2019-01-22,14.595025587463905
2019-01-23,14.614686918710657
2019-01-24,14.62467124821072
2019-01-25,14.614486620523136
2019-01-26,14.608697850004416
2019-01-27,14.60837370331927
2019-01-28,14.603508445054462
2019-01-29,14.60865350918428
2019-01-30,14.60911067832984
2019-01-31,14.624694183117686
2019-02-01,14.635621901791032
2019-02-02,14.637618767691045
2019-02-03,14.64185560950493
2019-02-04,14.642610932441077
2019-02-05,14.655887185587943
2019-02-06,14.660879350337972
2019-02-07,14.663270696637836
2019-02-08,14.672534870059105
2019-02-09,14.697884058233916
2019-02-10,14.704807342150652
2019-02-11,14.71163582845192
2019-02-12,14.689312519003082
2019-02-13,14.694474402064676
2019-02-14,14.688737617335084
2019-02-15,14.694394894387187
2019-02-16,14.693861275551733
2019-02-17,14.695930004160244
2019-02-18,14.69348973005885
2019-02-19,14.685685745714546
2019-02-20,14.690564764923534
2019-02-21,14.670149639734433
2019-02-22,14.667640560912137
2019-02-23,14.66367587999427
2019-02-24,14.660911459207728
2019-02-25,14.672024186130615
2019-02-26,14.67316787349142
2019-02-27,14.67535892160376
2019-02-28,14.676231977062342
2019-03-01,14.670978354372876
2019-03-02,14.652917879632488
2019-03-03,14.642195046128055
2019-03-04,14.625065728610569
2019-03-05,14.627625264228197
2019-03-06,14.631137362981892
2019-03-07,14.632591436083665
2019-03-08,14.616192977601555
2019-03-09,14.626192597039596
2019-03-10,14.622931253268748
2019-03-11,14.621249360091095
2019-03-12,14.612723690674198
2019-03-13,14.613787870357513
2019-03-14,14.606713216054787
2019-03-15,14.605052728790303
2019-03-16,14.604453363221545
2019-03-17,14.63338192587716
2019-03-18,14.645464034867894
2019-03-19,14.660182129166149
2019-03-20,14.683240884631758
2019-03-21,14.693237446082204
2019-03-22,14.691561668879745
2019-03-23,14.69670673300956
2019-03-24,14.705672752640243
2019-03-25,14.734482053779628
2019-03-26,14.748360730482853
2019-03-27,14.763454957255382
2019-03-28,14.773622766011188
2019-03-29,14.764676623299875
2019-03-30,14.768970037884284
2019-03-31,14.742509271218422
2019-04-01,14.745637592528857
2019-04-02,14.740588855008305
2019-04-03,14.773205350704371
2019-04-04,14.78741276107414
2019-04-05,14.78017603342884
2019-04-06,14.774671655756524
2019-04-07,14.79148752954545
2019-04-08,14.80504053056973
2019-04-09,14.815604348719184
2019-04-10,14.795024092199911
2019-04-11,14.745281336973951
2019-04-12,14.73419307395183
2019-04-13,14.725829477877506
2019-04-14,14.703367029993062
2019-04-15,14.67560356061142
2019-04-16,14.664058128443736
2019-04-17,14.647592394234522
2019-04-18,14.63300885139048
2019-04-19,14.623700337149074
2019-04-20,14.63217096278925
2019-04-21,14.659339653583524
2019-04-22,14.664501536645115
2019-04-23,14.66217746607236
2019-04-24,14.657688340281828
2019-04-25,14.664565754384627
2019-04-26,14.653341410914496
2019-04-27,14.645069554468044
2019-04-28,14.641129337450945
2019-04-29,14.621799797858328
2019-04-30,14.607038891733731
2019-05-01,14.605921197267492
2019-05-02,14.613032547421366
2019-05-03,14.61333070121195
2019-05-04,14.613018786477186
2019-05-05,14.609216178901894
2019-05-06,14.6137955153265
2019-05-07,14.605610811526526
2019-05-08,14.609492926779309
2019-05-09,14.600146187692957
2019-05-10,14.596241137533209
2019-05-11,14.599210443488662
2019-05-12,14.58032889907882
2019-05-13,14.547808729992015
2019-05-14,14.540195869872443
2019-05-15,14.572361312398142
2019-05-16,14.590440135064105
2019-05-17,14.657905457401124
2019-05-18,14.700584261280948
2019-05-19,14.747822524666004
2019-05-20,14.764450332217791
2019-05-21,14.757163147777163
2019-05-22,14.751646538154466
2019-05-23,14.707061079008708
2019-05-24,14.68755264714174
2019-05-25,14.676143295422063
2019-05-26,14.686801911186986
2019-05-27,14.671200058473566
2019-05-28,14.65603243999874
2019-05-29,14.636111179806347
2019-05-30,14.627605387308822
2019-05-31,14.627475422836005
2019-06-01,14.62219274926438
2019-06-02,14.609521977661467
2019-06-03,14.594695324803563
2019-06-04,14.58837293544939
2019-06-05,14.594574534293534
2019-06-06,14.617948262481503
2019-06-07,14.632203071659005
2019-06-08,14.64228525676213
2019-06-09,14.652706878488384
2019-06-10,14.64679884645343
2019-06-11,14.676175404291822
2019-06-12,14.676767124891596
2019-06-13,14.656760241046523
2019-06-14,14.6539117256011
2019-06-15,14.659319776664152
2019-06-16,14.65378329012208
2019-06-17,14.644661313124011
2019-06-18,14.648003693566148
2019-06-19,14.627570220451473
2019-06-20,14.608749835793544
2019-06-21,14.610890427110556
2019-06-22,14.606456345096746
2019-06-23,14.61018708996354
2019-06-24,14.612852126153218
2019-06-25,14.61239954398905
2019-06-26,14.61446980159136
2019-06-27,14.63261437099063
2019-06-28,14.65165645974925
2019-06-29,14.663879236169386
2019-06-30,14.68404207738184
2019-07-01,14.689534223103772
2019-07-02,14.696338245504275
2019-07-03,14.707264435183822
2019-07-04,14.71672126182362
2019-07-05,14.718349640218348
2019-07-06,14.7248310449275
2019-07-07,14.725881463666632
2019-07-08,14.730194755170412
2019-07-09,14.735686900892343
2019-07-10,14.749655788229646
2019-07-11,14.74871392805016
2019-07-12,14.72937215650716
2019-07-13,14.7349315779562
2019-07-14,14.745151372501134
2019-07-15,14.75729617023758
2019-07-16,14.752236729760442
2019-07-17,14.735287833511103
2019-07-18,14.728277396947888
2019-07-19,14.711140434461411
2019-07-20,14.722360190950148
2019-07-21,14.724175106588216
2019-07-22,14.710620576570138
2019-07-23,14.71047532215934
2019-07-24,14.703958750592836
2019-07-25,14.699610292231707
2019-07-26,14.71017411038116
2019-07-27,14.733346011387813
2019-07-28,14.732910248155422
2019-07-29,14.734633424165615
2019-07-30,14.730587706576465
2019-07-31,14.728676464329132
2019-08-01,14.736139483056514
2019-08-02,14.73867914175477
2019-08-03,14.748781203777266
2019-08-04,14.751438594997955
2019-08-05,14.75514640495778
2019-08-06,14.742845649853953
2019-08-07,14.731495928892397
2019-08-08,14.699082789371444
2019-08-09,14.682613997174633
2019-08-10,14.66599689257943
2019-08-11,14.656570645815588
2019-08-12,14.643646061242231
2019-08-13,14.634528671225558
2019-08-14,14.625368469382543
2019-08-15,14.607260595834424
2019-08-16,14.601837254833397
2019-08-17,14.614341366112338
2019-08-18,14.630878963030051
2019-08-19,14.638647780517008
2019-08-20,14.620449696334813
2019-08-21,14.6311312470067
2019-08-22,14.658189850247528
2019-08-23,14.67889854224582
2019-08-24,14.684065012288809
2019-08-25,14.707217036376088
2019-08-26,14.733417874096313
2019-08-27,14.737304576330487
2019-08-28,14.75478862040908
2019-08-29,14.771132035114466
2019-08-30,14.781032269955643
2019-08-31,14.776621122848804
2019-09-01,14.773942325714945
2019-09-02,14.772894964963404
2019-09-03,14.77037518318452
2019-09-04,14.768645891199135
2019-09-05,14.771054056430774
2019-09-06,14.780339635765213
2019-09-07,14.791197020723857
2019-09-08,14.788953986822388
2019-09-09,14.802230239969251
2019-09-10,14.808155090935983
2019-09-11,14.809518953403678
2019-09-12,14.820065952621356
2019-09-13,14.829469264478227
2019-09-14,14.839537688637174
2019-09-15,14.849739135256533
2019-09-16,14.849598467827128
2019-09-17,14.847671935641818
2019-09-18,14.834392624507355
2019-09-19,14.831640435671195
2019-09-20,14.82802130735165
2019-09-21,14.825767570493596
2019-09-22,14.8097192515912
2019-09-23,14.798760953041896
2019-09-24,14.790042630406466
2019-09-25,14.78441593323032
2019-09-26,14.79074902554108
2019-09-27,14.770436342936437
2019-09-28,14.763441196311202
2019-09-29,14.743293645036726
2019-09-30,14.730673330229145
2019-10-01,14.726711707298874
2019-10-02,14.720825081177091
2019-10-03,14.695485066965066
2019-10-04,14.693128887522557
2019-10-05,14.70079679141885
2019-10-06,14.699036919557509
2019-10-07,14.700452767814332
2019-10-08,14.676459797138223
2019-10-09,14.685938029691194
2019-10-10,14.648733023607727
2019-10-11,14.662188169028946
2019-10-12,14.70546022250234
2019-10-13,14.738787700314417
2019-10-14,14.755998054503191
2019-10-15,14.752421738009984
2019-10-16,14.742945034450813
2019-10-17,14.78460247047366
2019-10-18,14.796413947562172
2019-10-19,14.850434827434562
2019-10-20,14.868733825207418
2019-10-21,14.874255021811509
2019-10-22,14.864128495888243
2019-10-23,14.83613109045553
2019-10-24,14.840809811476998
2019-10-25,14.856537041681843
2019-10-26,14.866025977191397
2019-10-27,14.87981444326055
2019-10-28,14.87171230512566
2019-10-29,14.880496374494395
2019-10-30,14.885818801904769
2019-10-31,14.873386553334322
2019-11-01,14.862639255929125
2019-11-02,14.85767920004885
2019-11-03,14.836340562605836
2019-11-04,14.817466663164984
2019-11-05,14.80580808545626
2019-11-06,14.785938811052995
2019-11-07,14.759994844290812
2019-11-08,14.748668058236223
2019-11-09,14.718485720666358
2019-11-10,14.705125372860609
2019-11-11,14.70221569766327
2019-11-12,14.696558420611169
2019-11-13,14.658838143617825
2019-11-14,14.637930682425807
2019-11-15,14.62520028006478
2019-11-16,14.634504207324792
2019-11-17,14.653592165897347
2019-11-18,14.65415483561496
2019-11-19,14.645577180408935
2019-11-20,14.625366940388748
2019-11-21,14.556733466790158
2019-11-22,14.483141466305089
2019-11-23,14.46172179219079
2019-11-24,14.449538769609395
2019-11-25,14.456552264160209
2019-11-26,14.455752600403924
2019-11-27,14.45633514704091
2019-11-28,14.470764261511368
2019-11-29,14.507004472508378
2019-11-30,14.496403958507775
2019-12-01,14.475241155351515
2019-12-02,14.501842589446785
2019-12-03,14.57176806280457
2019-12-04,14.61432607617436
2019-12-05,14.620325847837185
2019-12-06,14.6296985798181
2019-12-07,14.640470341124065
2019-12-08,14.649722282594947
2019-12-09,14.678861846394671
2019-12-10,14.690176400498876
2019-12-11,14.695113521472184
2019-12-12,14.725306561998636
2019-12-13,14.766003789916423
2019-12-14,14.74099098037714
2019-12-15,14.754629605054102
2019-12-16,14.747217043122047
2019-12-17,14.750495205824674
2019-12-18,14.740191316620855
2019-12-19,14.71914318799944
2019-12-20,14.69607678756484
2019-12-21,14.666114625101866
2019-12-22,14.639360291626812
2019-12-23,14.621015424040024
2019-12-24,14.60434786264949
2019-12-25,14.624099404530318
2019-12-26,14.618744868250191
2019-12-27,14.605037438852326
2019-12-28,14.624146803338052
2019-12-29,14.615685351660662
2019-12-30,14.617136366774837
2019-12-31,14.612618190102143
2020-01-01,14.61088889811676
2020-01-02,14.58260709983764
2020-01-03,14.575188421930395
2020-01-04,14.57802164743784
2020-01-05,14.589981436924743
2020-01-06,14.597780834287658
2020-01-07,14.617024750227593
2020-01-08,14.632438536703877
2020-01-09,14.634057741135816
2020-01-10,14.634860462879695
2020-01-11,14.634508794306186
2020-01-12,14.640305209793894
2020-01-13,14.636170810564463
2020-01-14,14.628077846392364
2020-01-15,14.63429779316208
2020-01-16,14.645361592283436
2020-01-17,14.662327307464553
2020-01-18,14.670634330768356
2020-01-19,14.683545154397532
2020-01-20,14.701611745113112
2020-01-21,14.718106530204487
2020-01-22,14.74373552424431
2020-01-23,14.767100078469491
2020-01-24,14.792262729400967
2020-01-25,14.812420983632029
2020-01-26,14.813177835561971
2020-01-27,14.822442008983238
2020-01-28,14.823720247798256
2020-01-29,14.8209665299683
2020-01-30,14.817136400504644
2020-01-31,14.808659658889278
2020-02-01,14.792617455962072
2020-02-02,14.78255514777832
2020-02-03,14.771148854046242
2020-02-04,14.763459544236776
2020-02-05,14.75216028007055
2020-02-06,14.736316846337068
2020-02-07,14.722684337635297
2020-02-08,14.707926489498298
2020-02-09,14.699590415312334
2020-02-10,14.691746677129284
2020-02-11,14.682485561695612
2020-02-12,14.680794494555172
2020-02-13,14.663610133260962
2020-02-14,14.665168177940988
2020-02-15,14.655018717110757
2020-02-16,14.631397291927527
2020-02-17,14.611694677848234
2020-02-18,14.598248706389803
2020-02-19,14.578096568133937
2020-02-20,14.56590742957735
2020-02-21,14.549993662129166
2020-02-22,14.543727845545511
2020-02-23,14.541438941830108
2020-02-24,14.537078251518595
2020-02-25,14.532757315045828
2020-02-26,14.534153286383278
2020-02-27,14.535740381945462
2020-02-28,14.542345635152245
2020-02-29,14.537793820615995
2020-03-01,14.545845501955556
2020-03-02,14.539857962243117
2020-03-03,14.547151262658934
2020-03-04,14.55179634581685
2020-03-05,14.556357334315882
2020-03-06,14.574104365327708
2020-03-07,14.588325536641657
2020-03-08,14.594296257422322
2020-03-09,14.591932433010822
2020-03-10,14.602088009816244
2020-03-11,14.622932782262543
2020-03-12,14.638814440840976
2020-03-13,14.649233004579632
2020-03-14,14.664016845611194
2020-03-15,14.695173152230302
2020-03-16,14.700143911067162
2020-03-17,14.718523945511304
2020-03-18,14.732549405619125
2020-03-19,14.750215399959664
2020-03-20,14.758343530989118
2020-03-21,14.76945167093061
2020-03-22,14.755572994227386
2020-03-23,14.753858992179978
2020-03-24,14.745701810268365
2020-03-25,14.708189476431532
2020-03-26,14.6860037764245
2020-03-27,14.66414222310262
2020-03-28,14.641450426148497
2020-03-29,14.609080098453884
2020-03-30,14.605474731078516
2020-03-31,14.521188947971176
2020-04-01,14.529870574755456
2020-04-02,14.549388180585211
2020-04-03,14.517017852890598
2020-04-04,14.468917237003543
2020-04-05,14.458295317089773
2020-04-06,14.496588966757315
2020-04-07,14.535452931111465
2020-04-08,14.558820543324243
2020-04-09,14.545406680735567
2020-04-10,14.579408444812504
2020-04-11,14.591047145601856
2020-04-12,14.631397291927527
2020-04-13,14.684364695073189
2020-04-14,14.674465989225808
2020-04-15,14.642910615225455
2020-04-16,14.625755304813406
2020-04-17,14.616744944362583
2020-04-18,14.583562720961304
2020-04-19,14.543570359184333
2020-04-20,14.524150608957642
2020-04-21,14.478257860114706
2020-04-22,14.471291764371632
2020-04-23,14.461125484609624
2020-04-24,14.461403761480836
2020-04-25,14.49309827391679
2020-04-26,14.49949558396706
2020-04-27,14.479585026731254
2020-04-28,14.489717668629709
2020-04-29,14.505587095257756
2020-04-30,14.54607332203144
2020-05-01,14.5732496577947
2020-05-02,14.592259637683563
2020-05-03,14.586556490817523
2020-05-04,14.590846847414335
2020-05-05,14.598106509966602
2020-05-06,14.590940116036004
2020-05-07,14.598341975011474
2020-05-08,14.61313651899962
2020-05-09,14.603193472332102
2020-05-10,14.602395337569614
2020-05-11,14.607694830073015
2020-05-12,14.62030138393642
2020-05-13,14.6022623151092
2020-05-14,14.589940154092202
2020-05-15,14.580042977238618
2020-05-16,14.58913896134212
2020-05-17,14.586830180707343
2020-05-18,14.561901465826944
2020-05-19,14.557670739988248
2020-05-20,14.5481772174973
2020-05-21,14.571313951646603
2020-05-22,14.604009955020162
2020-05-23,14.614844405071835
2020-05-24,14.618507874211522
2020-05-25,14.64419955699706
2020-05-26,14.649025061423124
2020-05-27,14.68041071711191
2020-05-28,14.673161757516228
2020-05-29,14.658576685678389
2020-05-30,14.642182814177673
2020-05-31,14.633687724636731
2020-06-01,14.6217462830754
2020-06-02,14.615382610888686
2020-06-03,14.635291639130694
2020-06-04,14.639916845369235
2020-06-05,14.641170620283486
2020-06-06,14.643763793764666
2020-06-07,14.645595528334509
2020-06-08,14.645924262001053
2020-06-09,14.644243897817196
2020-06-10,14.670519656233516
2020-06-11,14.6735409479781
2020-06-12,14.658743346002357
2020-06-13,14.66341136406724
2020-06-14,14.663750800690366
2020-06-15,14.665923500877131
2020-06-16,14.667478487569564
2020-06-17,14.67300885813644
2020-06-18,14.678299176677056
2020-06-19,14.69256621780494
2020-06-20,14.701601042156527
2020-06-21,14.70953040399226
2020-06-22,14.715553110562052
2020-06-23,14.719641639977544
2020-06-24,14.731641183303193
2020-06-25,14.738272429404535
2020-06-26,14.730581590601272
2020-06-27,14.723506936298548
2020-06-28,14.728818660752331
2020-06-29,14.741546005125766
2020-06-30,14.749865260379954
2020-07-01,14.750169530145728
2020-07-02,14.743891481611692
2020-07-03,14.751239825804234
2020-07-04,14.745516802018823
2020-07-05,14.748206302109269
2020-07-06,14.746946411219827
2020-07-07,14.754793207390474
2020-07-08,14.753712208775385
2020-07-09,14.756426172766592
2020-07-10,14.761101835800469
2020-07-11,14.76705879563695
2020-07-12,14.76331428982598
2020-07-13,14.779766263091012
2020-07-14,14.801548308735406
2020-07-15,14.79800563010575
2020-07-16,14.811125925885236
2020-07-17,14.82162399730138
2020-07-18,14.819032352813998
2020-07-19,14.807055744395315
2020-07-20,14.788577854348112
2020-07-21,14.781261619025324
2020-07-22,14.75732522111974
2020-07-23,14.74343431246613
2020-07-24,14.723308167104824
2020-07-25,14.710888150484765
2020-07-26,14.688717740415711
2020-07-27,14.681646144100585
2020-07-28,14.6817057748587
2020-07-29,14.681774579579605
2020-07-30,14.671273450175864
2020-07-31,14.666417365873842
2020-08-01,14.663389958154069
2020-08-02,14.68368429283314
2020-08-03,14.68955104203555
2020-08-04,14.694960622092395
2020-08-05,14.704753827367728
2020-08-06,14.716293143560218
2020-08-07,14.729292648829672
2020-08-08,14.744448035354116
2020-08-09,14.756918508769507
2020-08-10,14.77090574403238
2020-08-11,14.771025005548616
2020-08-12,14.7744728865628
2020-08-13,14.76120733637252
2020-08-14,14.741318185049884
2020-08-15,14.753803948403254
2020-08-16,14.735665494979177
2020-08-17,14.722722562480245
2020-08-18,14.714872708322002
2020-08-19,14.701859442108368
2020-08-20,14.68702973126287
2020-08-21,14.690361408748418
2020-08-22,14.668278151325843
2020-08-23,14.661900718194948
2020-08-24,14.657361135609085
2020-08-25,14.66163314428032
2020-08-26,14.655353566752488
2020-08-27,14.64614749509554
2020-08-28,14.635109688868749
2020-08-29,14.611321603361556
2020-08-30,14.617296911123614
2020-08-31,14.630278068467492
2020-09-01,14.62034266676896
2020-09-02,14.615734279462195
2020-09-03,14.596455196664907
2020-09-04,14.591407988138153
2020-09-05,14.581885414765049
2020-09-06,14.5736808340457
2020-09-07,14.558640122056095
2020-09-08,14.54016223200889
2020-09-09,14.541619363098256
2020-09-10,14.536543103689343
2020-09-11,14.54191751688884
2020-09-12,14.54799220924776
2020-09-13,14.541107150175971
2020-09-14,14.567607670680578
2020-09-15,14.573564630517062
2020-09-16,14.565931893478115
2020-09-17,14.555550025590607
2020-09-18,14.554831398505613
2020-09-19,14.553204549104684
2020-09-20,14.550002836091954
2020-09-21,14.55404549569351
2020-09-22,14.563242393387672
2020-09-23,14.565520594146491
2020-09-24,14.561771501354125
2020-09-25,14.563347893959724
2020-09-26,14.575332147347394
2020-09-27,14.578682172758516
2020-09-28,14.593605152225686
2020-09-29,14.594595940206704
2020-09-30,14.600078911965849
2020-10-01,14.613804689289289
2020-10-02,14.609138200218204
2020-10-03,14.611398053051447
2020-10-04,14.62914814205087
2020-10-05,14.658827440661238
2020-10-06,14.686338626066236
2020-10-07,14.6870067963559
2020-10-08,14.675057709825582
2020-10-09,14.6797012639897
2020-10-10,14.692477536164663
2020-10-11,14.682023805568656
2020-10-12,14.674884933526425
2020-10-13,14.666044291387164
2020-10-14,14.6579941390414
2020-10-15,14.652797089122457
2020-10-16,14.65731526579515
2020-10-17,14.66101695977978
2020-10-18,14.661357925396706
2020-10-19,14.666006066542217
2020-10-20,14.675585212685846
2020-10-21,14.690043378038462
2020-10-22,14.692856726626534
2020-10-23,14.69527406582096
2020-10-24,14.711846829596023
2020-10-25,14.719448986759012
2020-10-26,14.714750388818173
2020-10-27,14.696983480886974
2020-10-28,14.6970369956699
2020-10-29,14.677686050164112
2020-10-30,14.667096239120095
2020-10-31,14.661264656775035
2020-11-01,14.667668082800498
2020-11-02,14.660212709042105
2020-11-03,14.655142565608385
2020-11-04,14.647389038059403
2020-11-05,14.645032858616895
2020-11-06,14.633718304512689
2020-11-07,14.62094509032532
2020-11-08,14.620270804060462
2020-11-09,14.621487883123564
2020-11-10,14.61970048937386
2020-11-11,14.632609784009237
2020-11-12,14.64212165442576
2020-11-13,14.66213465424602
2020-11-14,14.678054537669398
2020-11-15,14.69013053068494
2020-11-16,14.699330486366698
2020-11-17,14.68735081996042
2020-11-18,14.70583329698902
2020-11-19,14.723924351605366
2020-11-20,14.729263597947511
2020-11-21,14.736040098459652
2020-11-22,14.742449640460304
2020-11-23,14.736671572898173
2020-11-24,14.737844311141131
2020-11-25,14.728739153074844
2020-11-26,14.722086501060332
2020-11-27,14.727973127182114
2020-11-28,14.718987230632058
2020-11-29,14.707041202089334
2020-11-30,14.691301739934106
2020-12-01,14.668345427052952
2020-12-02,14.63878233197122
2020-12-03,14.613500419523511
2020-12-04,14.592840655326754
2020-12-05,14.561740921478169
2020-12-06,14.542339519177052
2020-12-07,14.530846072798496
2020-12-08,14.515238104109883
2020-12-09,14.502599441376727
2020-12-10,14.496573676819338
2020-12-11,14.47781903889472
2020-12-12,14.462663652370276
2020-12-13,14.454105874083622
2020-12-14,14.445600081586097
2020-12-15,14.451171734985518
2020-12-16,14.457685248564426
2020-12-17,14.452676264882616
2020-12-18,14.461322724809548
2020-12-19,14.45821886739988
2020-12-20,14.473776379293165
2020-12-21,14.479271583002692
2020-12-22,14.462981683080232
2020-12-23,14.457822858006232
2020-12-24,14.451558570416378
2020-12-25,14.445931873240232
2020-12-26,14.440427495567915
2020-12-27,14.42411924771988
2020-12-28,14.419419120785244
2020-12-29,14.41805984529894
2020-12-30,14.422940393501728
2020-12-31,14.445225478105618
2021-01-01,14.468299523509208
2021-01-02,14.482534455767336
2021-01-03,14.512684684467448
2021-01-04,14.526783536277566
2021-01-05,14.55461886836771
2021-01-06,14.589005938881709
2021-01-07,14.61190567899234
2021-01-08,14.628418812009288
2021-01-09,14.66345264689978
2021-01-10,14.678164625222845
2021-01-11,14.692420963394143
2021-01-12,14.696537014697997
2021-01-13,14.68685695496371
2021-01-14,14.684893726927251
2021-01-15,14.663327269408356
2021-01-16,14.640565138739532
2021-01-17,14.627834736378505
2021-01-18,14.614445337690594
2021-01-19,14.598328214067292
2021-01-20,14.585148287529693
2021-01-21,14.561311274220968
2021-01-22,14.553932350152468
2021-01-23,14.547772034140868
2021-01-24,14.54022033377321
2021-01-25,14.526402816821898
2021-01-26,14.505775161494894
2021-01-27,14.505207904795885
2021-01-28,14.511068538023103
2021-01-29,14.517770117839149
2021-01-30,14.533645660442389
2021-01-31,14.522172090983204
2021-02-01,14.512401820614842
2021-02-02,14.495954434331203
2021-02-03,14.470252048589082
2021-02-04,14.455315308177733
2021-02-05,14.4502543387068
2021-02-06,14.448135153302957
2021-02-07,14.449424095074557
2021-02-08,14.443837151737156
2021-02-09,14.437950525615374
2021-02-10,14.435106597151345
2021-02-11,14.436360372065591
2021-02-12,14.437994866435512
2021-02-13,14.443253076106371
2021-02-14,14.455125712946796
2021-02-15,14.470276512489848
2021-02-16,14.482540571742527
2021-02-17,14.48771162876691
2021-02-18,14.507752150475534
2021-02-19,14.520494784786946
2021-02-20,14.541120911120151
2021-02-21,14.555831360449416
2021-02-22,14.5596400839999
2021-02-23,14.578039995363415
2021-02-24,14.601592615825735
2021-02-25,14.618819788946288
2021-02-26,14.641236367016797
2021-02-27,14.64952810038262
2021-02-28,14.672819262905506
2021-03-01,14.677690637145506
2021-03-02,14.676767124891596
2021-03-03,14.675686126276505
2021-03-04,14.667810279223698
2021-03-05,14.670805578073717
2021-03-06,14.668672631725697
2021-03-07,14.680748624741238
2021-03-08,14.690537243035171
2021-03-09,14.67788940633923
2021-03-10,14.63605307804203
2021-03-11,14.572922453121958
2021-03-12,14.577182229842812
2021-03-13,14.587414256338128
2021-03-14,14.57087971740801
2021-03-15,14.570832318600276
2021-03-16,14.57674646661042
2021-03-17,14.59368924688457
2021-03-18,14.579824331125524
2021-03-19,14.576379508098931
2021-03-20,14.581357911904783
2021-03-21,14.587700178178329
2021-03-22,14.574364294273346
2021-03-23,14.56323016143729
2021-03-24,14.580760075329817
2021-03-25,14.575538561510106
2021-03-26,14.552345254590284
2021-03-27,14.538461990905663
2021-03-28,14.535674635212157
2021-03-29,14.533339861682814
2021-03-30,14.568557175829053
2021-03-31,14.552229051061646
2021-04-01,14.540382407115782
2021-04-02,14.532072325824384
2021-04-03,14.523717903712846
2021-04-04,14.504168189013336
2021-04-05,14.508885134879751
2021-04-06,14.511189328533137
2021-04-07,14.511585337926782
2021-04-08,14.518225757990912
2021-04-09,14.516511755943505
2021-04-10,14.526185699702602
2021-04-11,14.54221872866702
2021-04-12,14.547654301618431
2021-04-13,14.55976240350373
2021-04-14,14.57865923785155
2021-04-15,14.594579121274926
2021-04-16,14.600771546156285
2021-04-17,14.589868291383702
2021-04-18,14.58859463955008
2021-04-19,14.57961180098762
2021-04-20,14.517768588845351
2021-04-21,14.47090645793457
2021-04-22,14.475135654779464
2021-04-23,14.45479545028646
2021-04-24,14.434167794959455
2021-04-25,14.425831720773491
2021-04-26,14.423307352013214
2021-04-27,14.441883097663483
2021-04-28,14.445176550304089
2021-04-29,14.453408652911795
2021-04-30,14.4385758840787
2021-05-01,14.426669609374722
2021-05-02,14.43051808676395
2021-05-03,14.420513880344515
2021-05-04,14.420250893411282
2021-05-05,14.417223485691508
2021-05-06,14.43634814011521
2021-05-07,14.462399136443244
2021-05-08,14.442691935382555
2021-05-09,14.425712459257255
2021-05-10,14.41771582169442
2021-05-11,14.42229362912523
2021-05-12,14.42689284246921
2021-05-13,14.416969672721065
2021-05-14,14.420319698132186
2021-05-15,14.432117414276515
2021-05-16,14.426666551387124
2021-05-17,14.445436479249723
2021-05-18,14.449445500987729
2021-05-19,14.449628980243473
2021-05-20,14.451734404703132
2021-05-21,14.462877711501976
2021-05-22,14.47147218563978
2021-05-23,14.494272541153553
2021-05-24,14.497406978439177
2021-05-25,14.501212644002065
2021-05-26,14.50266213012244
2021-05-27,14.507337793156312
2021-05-28,14.506438744803168
2021-05-29,14.510944689525475
2021-05-30,14.505449485815948
2021-05-31,14.50578433545768
2021-06-01,14.518403121271463
2021-06-02,14.534492723006403
2021-06-03,14.54957471782855
2021-06-04,14.567916527427746
2021-06-05,14.578471171614412
2021-06-06,14.596011788463526
2021-06-07,14.603236284158442
2021-06-08,14.60868103107264
2021-06-09,14.609914929067518
2021-06-10,14.615584438070004
2021-06-11,14.623645293372352
2021-06-12,14.639716547181717
2021-06-13,14.662053617574736
2021-06-14,14.657168482390556
2021-06-15,14.663492400738528
2021-06-16,14.667860736019028
2021-06-17,14.638686005361954
2021-06-18,14.646843187273568
2021-06-19,14.637627941653832
2021-06-20,14.632351384057396
2021-06-21,14.623611655508798
2021-06-22,14.626822542484316
2021-06-23,14.61122374775849
2021-06-24,14.6084944938293
2021-06-25,14.613115113086453
2021-06-26,14.61598197645745
2021-06-27,14.61971272132424
2021-06-28,14.641823500635176
2021-06-29,14.65583214181122
2021-06-30,14.65757213675319
2021-07-01,14.664669725962884
2021-07-02,14.6637981994981
2021-07-03,14.665061148375136
2021-07-04,14.658595033603962
2021-07-05,14.649009771485144
2021-07-06,14.646739215695312
2021-07-07,14.64396256295839
2021-07-08,14.636072954961405
2021-07-09,14.629755152588622
2021-07-10,14.621663717410318
2021-07-11,14.61313651899962
2021-07-12,14.60300081911357
2021-07-13,14.595537800386188
2021-07-14,14.59020619901303
2021-07-15,14.586661991389578
2021-07-16,14.581082693021166
2021-07-17,14.580411464743904
2021-07-18,14.587640547420213
2021-07-19,14.607966990969038
2021-07-20,14.624464834048007
2021-07-21,14.63285900999829
2021-07-22,14.650665671768232
2021-07-23,14.668281209313442
2021-07-24,14.684662848863772
2021-07-25,14.692503529059229
2021-07-26,14.691558610892146
2021-07-27,14.68840429668715
2021-07-28,14.690314009940684
2021-07-29,14.694452996151506
2021-07-30,14.689502114234015
2021-07-31,14.693972892098977
2021-08-01,14.681517708621564
2021-08-02,14.676557652741288
2021-08-03,14.675250363044112
2021-08-04,14.66646935166297
2021-08-05,14.658500235988496
2021-08-06,14.659825873611243
2021-08-07,14.664432731924212
2021-08-08,14.661831913474044
2021-08-09,14.67803924773142
2021-08-10,14.67385439170666
2021-08-11,14.67545219022543
2021-08-12,14.680730276815662
2021-08-13,14.684895255921049
2021-08-14,14.679051441625608
2021-08-15,14.670693961526473
2021-08-16,14.655104340763437
2021-08-17,14.655327573857925
2021-08-18,14.643815779553794
2021-08-19,14.639987179083938
2021-08-20,14.643828011504176
2021-08-21,14.625486201904982
2021-08-22,14.613220613658504
2021-08-23,14.620020049077612
2021-08-24,14.624168209251222
2021-08-25,14.616816807071084
2021-08-26,14.614364301019307
2021-08-27,14.613914776842735
2021-08-28,14.615748040406377
2021-08-29,14.607959346000047
2021-08-30,14.60968405100404
2021-08-31,14.61803694412178
2021-09-01,14.614593650088986
2021-09-02,14.612552443368836
2021-09-03,14.599838859939585
2021-09-04,14.573679305051902
2021-09-05,14.565519065152694
2021-09-06,14.54945392731852
2021-09-07,14.539501706688212
2021-09-08,14.538871761243492
2021-09-09,14.554170873184937
2021-09-10,14.567156617510207
2021-09-11,14.581360969892378
2021-09-12,14.585447970314071
2021-09-13,14.588651212320602
2021-09-14,14.597643224845848
2021-09-15,14.596620327995076
2021-09-16,14.608248325827844
2021-09-17,14.610674838985055
2021-09-18,14.618354974831735
2021-09-19,14.630177154876831
2021-09-20,14.62740050213991
2021-09-21,14.636143288676104
2021-09-22,14.640869408505306
2021-09-23,14.635169319626865
2021-09-24,14.630080828267568
2021-09-25,14.622397634433293
2021-09-26,14.60754193069323
2021-09-27,14.595906287891474
2021-09-28,14.589605304450467
2021-09-29,14.587229248088589
2021-09-30,14.584423544469503
2021-10-01,14.57585047624487
2021-10-02,14.585487724152818
2021-10-03,14.589779609743426
2021-10-04,14.603042101946112
2021-10-05,14.613639557959118
2021-10-06,14.618403902633268
2021-10-07,14.63211286102493
2021-10-08,14.646445648886123
2021-10-09,14.628871394173457
2021-10-10,14.605230092070858
2021-10-11,14.58635313464241
2021-10-12,14.562545172215843
2021-10-13,14.556985750766806
2021-10-14,14.545029019267496
2021-10-15,14.520696611968264
2021-10-16,14.49653698096819
2021-10-17,14.48060486559443
2021-10-18,14.47562646178858
2021-10-19,14.459633186662906
2021-10-20,14.440974875347552
2021-10-21,14.423097879862908
2021-10-22,14.4223868977469
2021-10-23,14.37535199053696
2021-10-24,14.372555460880664
2021-10-25,14.329818555236525
2021-10-26,14.362649110064291
2021-10-27,14.356907738353309
2021-10-28,14.369502060266326
2021-10-29,14.396302263555311
2021-10-30,14.44905560756927
2021-10-31,14.47061900710057
2021-11-01,14.48769633882893
2021-11-02,14.511813158002663
2021-11-03,14.52076388769537
2021-11-04,14.524575669233448
2021-11-05,14.534156344370874
2021-11-06,14.538627122235834
2021-11-07,14.52901586722245
2021-11-08,14.516898591374366
2021-11-09,14.520614046303178
2021-11-10,14.517456674110589
2021-11-11,14.509557892150813
2021-11-12,14.525759110432997
2021-11-13,14.52943175353547
2021-11-14,14.568332413740766
2021-11-15,14.58317894351804
2021-11-16,14.593435433914124
2021-11-17,14.602451910340136
2021-11-18,14.585394455531148
2021-11-19,14.590690890046954
2021-11-20,14.599227262420438
2021-11-21,14.585388339555957
2021-11-22,14.56557257993562
2021-11-23,14.548397392604194
2021-11-24,14.5423043523197
2021-11-25,14.547681823506794
2021-11-26,14.542594861141296
2021-11-27,14.531650323536171
2021-11-28,14.526190286683995
2021-11-29,14.528002144334463
2021-11-30,14.530000539228276
2021-12-01,14.512727496293788
2021-12-02,14.486454795865065
2021-12-03,14.476233472326332
2021-12-04,14.473034817301198
2021-12-05,14.496379494607009
2021-12-06,14.512811590952673
2021-12-07,14.516031651890977
2021-12-08,14.52424540657311
2021-12-09,14.530566266933484
2021-12-10,14.525834031129092
2021-12-11,14.526384468896325
2021-12-12,14.52180360347792
2021-12-13,14.53163809158579
2021-12-14,14.526352360026568
2021-12-15,14.526979247483691
2021-12-16,14.54858698783513
2021-12-17,14.562080358101294
2021-12-18,14.57277108273597
2021-12-19,14.597673804721806
2021-12-20,14.628973836757911
2021-12-21,14.65717765635334
2021-12-22,14.68740739273094
2021-12-23,14.715436907033414
2021-12-24,14.740373266882804
2021-12-25,14.753580715308766
2021-12-26,14.75995967743346
2021-12-27,14.745058103879463
2021-12-28,14.742880816711304
2021-12-29,14.742486336311453
2021-12-30,14.728896639436025
2021-12-31,14.709894304516151
2022-01-01,14.699394704106208
2022-01-02,14.705802717113064
2022-01-03,14.711455407183772
2022-01-04,14.7067063524476
2022-01-05,14.698498713740658
2022-01-06,14.681455019875852
2022-01-07,14.651725264470151
2022-01-08,14.632947691638565
2022-01-09,14.618558331006852
2022-01-10,14.59908353700344
2022-01-11,14.59735577401185
2022-01-12,14.588220036069604
2022-01-13,14.584044354007633
2022-01-14,14.571855215451048
2022-01-15,14.56585850177582
2022-01-16,14.53837789624678
2022-01-17,14.518514737818707
2022-01-18,14.500221856021046
2022-01-19,14.48329130769728
2022-01-20,14.456283161251784
2022-01-21,14.452289429451758
2022-01-22,14.43941377267993
2022-01-23,14.427519729926336
2022-01-24,14.41404929456714
2022-01-25,14.410446985179368
2022-01-26,14.412670142161463
2022-01-27,14.41721431172872
2022-01-28,14.423431200510842
2022-01-29,14.434516405545368
2022-01-30,14.4468156316554
2022-01-31,14.465735400910187
2022-02-01,14.47570596946607
2022-02-02,14.497221970189631
2022-02-03,14.498452810196914
2022-02-04,14.514085242786292
2022-02-05,14.523554301376477
2022-02-06,14.524187304808793
2022-02-07,14.531804751909757
2022-02-08,14.537700551994329
2022-02-09,14.539692830912946
2022-02-10,14.536977337927937
2022-02-11,14.53818524302825
2022-02-12,14.536449835067671
2022-02-13,14.531876614618255
2022-02-14,14.543552011258758
2022-02-15,14.548111470763994
2022-02-16,14.562840268018832
2022-02-17,14.575058457457576
2022-02-18,14.592256579695968
2022-02-19,14.616585929007606
2022-02-20,14.6448142125038
2022-02-21,14.663240116761878
2022-02-22,14.681789869517583
2022-02-23,14.701568933286772
2022-02-24,14.722175182700608
2022-02-25,14.729963877106934
2022-02-26,14.723531400199311
2022-02-27,14.716397115138474
2022-02-28,14.702636170957684
2022-03-01,14.691740561154091
2022-03-02,14.683055876382216
2022-03-03,14.661359454390505
2022-03-04,14.64303905070448
2022-03-05,14.630340757213204
2022-03-06,14.62973527566925
2022-03-07,14.620882401579609
2022-03-08,14.60668263617883
2022-03-09,14.611136595112011
2022-03-10,14.600175238575115
2022-03-11,14.590793332631412
2022-03-12,14.590064002589829
2022-03-13,14.580029216294438
2022-03-14,14.60160331878232
2022-03-15,14.602776057025284
2022-03-16,14.588189456193646
2022-03-17,14.570200844161755
2022-03-18,14.555646352199876
2022-03-19,14.545431144636336
2022-03-20,14.538974203827948
2022-03-21,14.514655557472896
2022-03-22,14.489632044977029
2022-03-23,14.483641447276993
2022-03-24,14.483237792914355
2022-03-25,14.491904129760655
2022-03-26,14.519973397901872
2022-03-27,14.537867212318297
2022-03-28,14.550661832418834
2022-03-29,14.578148553923064
2022-03-30,14.607815620583048
2022-03-31,14.62384100457848
2022-04-01,14.634530200219356
2022-04-02,14.651739025414331
2022-04-03,14.659353414527704
2022-04-04,14.661117873370442
2022-04-05,14.654899455594522
2022-04-06,14.636528595113166
2022-04-07,14.577602703137226
2022-04-08,14.515796186846105
2022-04-09,14.56625909815086
2022-04-10,14.598491816403664
2022-04-11,14.606150546337172
2022-04-12,14.59843065665175
2022-04-13,14.567587793761206
2022-04-14,14.560263913469427
2022-04-15,14.591004333775516
2022-04-16,14.614093669117086
2022-04-17,14.628778125551786
2022-04-18,14.629588492264654
2022-04-19,14.615810729152088
2022-04-20,14.60027003619058
2022-04-21,14.609327795449138
2022-04-22,14.611358299212704
2022-04-23,14.62673997681923
2022-04-24,14.571573880592242
2022-04-25,14.524243877579313
2022-04-26,14.49104177725866
2022-04-27,14.466619159325354
2022-04-28,14.434368093146976
2022-04-29,14.397196724927063
2022-04-30,14.375150163355642
2022-05-01,14.363583325274789
2022-05-02,14.371622774663964
2022-05-03,14.371002003182031
2022-05-04,14.35131773702831
2022-05-05,14.348891223871098
2022-05-06,14.368226879438906
2022-05-07,14.394294694698717
2022-05-08,14.376088965547533
2022-05-09,14.388470757322644
2022-05-10,14.406904306549713
2022-05-11,14.408491402111895
2022-05-12,14.433836003305318
2022-05-13,14.453056984338286
2022-05-14,14.457692893533414
2022-05-15,14.471051712345366
2022-05-16,14.487260575596538
2022-05-17,14.494047779065264
2022-05-18,14.501266158784988
2022-05-19,14.499556743718976
2022-05-20,14.511533352137656
2022-05-21,14.529612174803615
2022-05-22,14.54948909417587
2022-05-23,14.568739126090998
2022-05-24,14.574122713253283
2022-05-25,14.584457182333056
2022-05-26,14.586056509845625
2022-05-27,14.592788669537626
2022-05-28,14.607653547240474
2022-05-29,14.5983939608006
2022-05-30,14.600448928464932
2022-05-31,14.6257598917948
2022-06-01,14.633213736559394
2022-06-02,14.62269273023628
2022-06-03,14.626071806529565
2022-06-04,14.619822808877688
2022-06-05,14.606184184200728
2022-06-06,14.588677205215165
2022-06-07,14.58358871385587
2022-06-08,14.588897380322058
2022-06-09,14.590345337448635
2022-06-10,14.588475378033849
2022-06-11,14.61470526663623
2022-06-12,14.585125352622724
2022-06-13,14.586068741796009
2022-06-14,14.6480373314297
2022-06-15,14.634748846332451
2022-06-16,14.61227722448522
2022-06-17,14.612518805505283
2022-06-18,14.616258724334864
2022-06-19,14.600476450353296
2022-06-20,14.591515017704005
2022-06-21,14.57287811230182
2022-06-22,14.559121755102424
2022-06-23,14.559849556150208
2022-06-24,14.561013120430385
2022-06-25,14.53863629619862
2022-06-26,14.52806177509258
2022-06-27,14.515128016556435
2022-06-28,14.500515422830237
2022-06-29,14.497408507432972
2022-06-30,14.491878136866092
2022-07-01,14.483801991625768
2022-07-02,14.508651198828678
2022-07-03,14.510570086045
2022-07-04,14.515576011739212
2022-07-05,14.519794505627525
2022-07-06,14.520831163422477
2022-07-07,14.520895381161989
2022-07-08,14.5218158354283
2022-07-09,14.510767326244924
2022-07-10,14.504707923823982
2022-07-11,14.503741599743732
2022-07-12,14.501828828502603
2022-07-13,14.497758647012684
2022-07-14,14.487396656044549
2022-07-15,14.48762600511423
2022-07-16,14.48483864942072
2022-07-17,14.484471690909231
2022-07-18,14.457197499542906
2022-07-19,14.454677717764024
2022-07-20,14.448066348582053
2022-07-21,14.451511171608644
2022-07-22,14.461948083272874
2022-07-23,14.458622521762516
2022-07-24,14.45872037736558
2022-07-25,14.454245012519229
2022-07-26,14.46590664821555
2022-07-27,14.474790102181148
2022-07-28,14.484025224720256
2022-07-29,14.487248343646156
2022-07-30,14.495428460464735
2022-07-31,14.503674324016623
2022-08-01,14.509470739504334
2022-08-02,14.495468214303482
2022-08-03,14.498697449204574
2022-08-04,14.496911584448666
2022-08-05,14.514979704158044
2022-08-06,14.511024197202966
2022-08-07,14.501810480577028
2022-08-08,14.50126462979119
2022-08-09,14.506735369599951
2022-08-10,14.50699529854559
2022-08-11,14.508232254528064
2022-08-12,14.508415733783806
2022-08-13,14.51803463376618
2022-08-14,14.51679461979611
2022-08-15,14.511889607692558
2022-08-16,14.500732539949531
2022-08-17,14.49012438097994
2022-08-18,14.48047643011541
2022-08-19,14.478256331120908
2022-08-20,14.475259503277092
2022-08-21,14.472021094413211
2022-08-22,14.467576309442816
2022-08-23,14.462836428669434
2022-08-24,14.466583992468005
2022-08-25,14.479176785387224
2022-08-26,14.4969589832564
2022-08-27,14.50869248166122
2022-08-28,14.526707086587674
2022-08-29,14.52992561853218
2022-08-30,14.536711293007109
2022-08-31,14.55573656283395
2022-09-01,14.563052798156736
2022-09-02,14.57369459498988
2022-09-03,14.568488371108147
2022-09-04,14.566600063767783
2022-09-05,14.54282115222338
2022-09-06,14.548820923886202
2022-09-07,14.525938002707347
2022-09-08,14.490580021131706
2022-09-09,14.480314356772835
2022-09-10,14.479326626779416
2022-09-11,14.472987418493464
2022-09-12,14.440771519172436
2022-09-13,14.434095932250957
2022-09-14,14.464142189372811
2022-09-15,14.458815174981048
2022-09-16,14.466695609015249
2022-09-17,14.468437132951015
2022-09-18,14.485080230440785
2022-09-19,14.485266767684122
2022-09-20,14.501018461789734
2022-09-21,14.513883415604974
2022-09-22,14.53022683031036
2022-09-23,14.543211045641836
2022-09-24,14.546155887696523
2022-09-25,14.538946681939589
2022-09-26,14.541646884986616
2022-09-27,14.531199270365802
2022-09-28,14.508672604741848
2022-09-29,14.49289033076028
2022-09-30,14.491073886128415
2022-10-01,14.476086688921738
2022-10-02,14.469375935142905
2022-10-03,14.450821595405806
2022-10-04,14.45768830655202
2022-10-05,14.469826988313276
2022-10-06,14.481008519957069
2022-10-07,14.471654135901725
2022-10-08,14.50108573751684
2022-10-09,14.525974698558496
2022-10-10,14.531428619435482
2022-10-11,14.529999010234478
2022-10-12,14.531861324680278
2022-10-13,14.550498230082464
2022-10-14,14.558721158727383
2022-10-15,14.558855710181597
2022-10-16,14.576506414584156
2022-10-17,14.58992639314802
2022-10-18,14.60030673204173
2022-10-19,14.606043516771322
2022-10-20,14.632469116579834
2022-10-21,14.610118285242637
2022-10-22,14.601218012345258
2022-10-23,14.5928070174632
2022-10-24,14.570240598000504
2022-10-25,14.559887780995156
2022-10-26,14.548168043534517
2022-10-27,14.53466091232417
2022-10-28,14.508787279276689
2022-10-29,14.509385115851654
2022-10-30,14.516790032814717
2022-10-31,14.4979620031878
2022-11-01,14.497165397419112
2022-11-02,14.491841441014945
2022-11-03,14.476828250913702
2022-11-04,14.474718239472647
2022-11-05,14.47162814300716
2022-11-06,14.455624164924902
2022-11-07,14.439552911115538
2022-11-08,14.425399015528695
2022-11-09,14.433594422285257
2022-11-10,14.415836688316844
2022-11-11,14.39288802040468
2022-11-12,14.407245272166636
2022-11-13,14.40282342210321
2022-11-14,14.39854529745678
2022-11-15,14.409947004207464
2022-11-16,14.383805797245358
2022-11-17,14.401184340751898
2022-11-18,14.408011298059368
2022-11-19,14.42111936188847
2022-11-20,14.420175972715189
2022-11-21,14.412368930383284
2022-11-22,14.409112173593831
2022-11-23,14.405607719809124
2022-11-24,14.39931285234331
2022-11-25,14.394701407048949
2022-11-26,14.395239612865796
2022-11-27,14.39113885149992
2022-11-28,14.391638832471823
2022-11-29,14.374569145712451
2022-11-30,14.370885799653394
2022-12-01,14.373115072610682
2022-12-02,14.378220382901755
2022-12-03,14.384781295288397
2022-12-04,14.389215377302206
2022-12-05,14.422747740283196
2022-12-06,14.429216913041966
2022-12-07,14.44136323977221
2022-12-08,14.447482272951268
2022-12-09,14.480601807606837
2022-12-10,14.52685845697366
2022-12-11,14.536362682421194
2022-12-12,14.543474032575068
2022-12-13,14.536890185281456
2022-12-14,14.53967601198117
2022-12-15,14.536532400732758
2022-12-16,14.526531252300918
2022-12-17,14.508551814231817
2022-12-18,14.49361354482667
2022-12-19,14.498229577102428
2022-12-20,14.49926623489738
2022-12-21,14.491803216169998
2022-12-22,14.485249948752346
2022-12-23,14.48056205376809
2022-12-24,14.457972699398423
2022-12-25,14.448370618347829
2022-12-26,14.441332659896252
2022-12-27,14.44097640434135
2022-12-28,14.44382033280538
2022-12-29,14.430790247659967
2022-12-30,14.431426309079882
2022-12-31,14.434631080080209
2023-01-01,14.436507155470188
2023-01-02,14.435719723664288
2023-01-03,14.432325357433026
2023-01-04,14.423512237182129
2023-01-05,14.41452022465688
2023-01-06,14.4172999353814
2023-01-07,14.42865577231815
2023-01-08,14.448966925928996
2023-01-09,14.440442785505894
2023-01-10,14.439682875588357
2023-01-11,14.452570764310565
2023-01-12,14.453847474131782
2023-01-13,14.472744308479603
2023-01-14,14.478476506227802
2023-01-15,14.477612624732007
2023-01-16,14.47416474371782
2023-01-17,14.483690375078522
2023-01-18,14.489561711262327
2023-01-19,14.506483085623303
2023-01-20,14.501324260549309
2023-01-21,14.512070028960704
2023-01-22,14.520880091224008
2023-01-23,14.53359367465326
2023-01-24,14.538212764916612
2023-01-25,14.54694637749002
2023-01-26,14.55962632305572
2023-01-27,14.565870733726202
2023-01-28,14.571986708917663
2023-01-29,14.58094355458556
2023-01-30,14.589476868971447
2023-01-31,14.597533137292404
2023-02-01,14.609191715001128
2023-02-02,14.620305970917812
2023-02-03,14.645632224185658
2023-02-04,14.67321833028675
2023-02-05,14.68904188710086
2023-02-06,14.69122681923801
2023-02-07,14.677260989888303
2023-02-08,14.656815284823248
2023-02-09,14.636990351240122
2023-02-10,14.623854765522658
2023-02-11,14.615665474741292
2023-02-12,14.608866039322182
2023-02-13,14.602751593124518
2023-02-14,14.602158343530949
2023-02-15,14.594571476305935
2023-02-16,14.59314339609873
2023-02-17,14.586928036310407
2023-02-18,14.58686840555229
2023-02-19,14.580139303847885
2023-02-20,14.56989810338978
2023-02-21,14.568892025470785
2023-02-22,14.586954029204971
2023-02-23,14.5935959782629
2023-02-24,14.614931557718316
2023-02-25,14.608642806227694
2023-02-26,14.601025359126728
2023-02-27,14.597423049738955
2023-02-28,14.600392355694412
2023-03-01,14.59136058933042
2023-03-02,14.564243884325274
2023-03-03,14.558485693682512
2023-03-04,14.540825815317165
2023-03-05,14.536431487142098
2023-03-06,14.52405886932977
2023-03-07,14.500163754256729
2023-03-08,14.490737507492886
2023-03-09,14.500255493884598
2023-03-10,14.497998699038948
2023-03-11,14.514505716080706
2023-03-12,14.53855067254594
2023-03-13,14.565395216655066
2023-03-14,14.580698915577903
2023-03-15,14.608601523395151
2023-03-16,14.632516515387568
2023-03-17,14.615312277173985
2023-03-18,14.60590132034812
2023-03-19,14.617003344314424
2023-03-20,14.5976065289947
2023-03-21,14.546421932617353
2023-03-22,14.492436219602316
2023-03-23,14.531665613474152
2023-03-24,14.547041175105488
2023-03-25,14.589443231107897
2023-03-26,14.608257499790632
2023-03-27,14.597184526706489
2023-03-28,14.573125809297077
2023-03-29,14.496075224841237
2023-03-30,14.515378771539288
2023-03-31,14.530451592398649
2023-04-01,14.538090445412784
2023-04-02,14.536439132111088
2023-04-03,14.414689942968446
2023-04-04,14.407266678079807
2023-04-05,14.445436479249723
2023-04-06,14.426709363213469
2023-04-07,14.468082406389913
2023-04-08,14.472794765274934
2023-04-09,14.482318867641837
2023-04-10,14.431988978797497
2023-04-11,14.430392709272525
2023-04-12,14.474993458356264
2023-04-13,14.43920735851722
2023-04-14,14.417611850116169
2023-04-15,14.371431650439233
2023-04-16,14.381914431917398
2023-04-17,14.378850328346475
2023-04-18,14.386996807301504
2023-04-19,14.394088280536003
2023-04-20,14.428123682476492
2023-04-21,14.449324710477695
2023-04-22,14.47084071120126
2023-04-23,14.470553260367264
2023-04-24,14.452865860113551
2023-04-25,14.446089359601412
2023-04-26,14.42616198343383
2023-04-27,14.430742848852235
2023-04-28,14.429831568548709
2023-04-29,14.44053911211516
2023-04-30,14.43561728107983
2023-05-01,14.455371880948254
2023-05-02,14.453789372367464
2023-05-03,14.457269362251406
2023-05-04,14.484083326484576
2023-05-05,14.508934062681284
2023-05-06,14.520114065331278
2023-05-07,14.553976690972606
2023-05-08,14.56039999391744
2023-05-09,14.553363564459662
2023-05-10,14.567005247124218
2023-05-11,14.57787792202084
2023-05-12,14.585689551334136
2023-05-13,14.590265829771148
2023-05-14,14.598397018788196
2023-05-15,14.619072072922934
2023-05-16,14.622516895949529
2023-05-17,14.61511350798026
2023-05-18,14.628637458122382
2023-05-19,14.63272292955028
2023-05-20,14.63222141958458
2023-05-21,14.63785881971731
2023-05-22,14.639944367257598
2023-05-23,14.63745057837328
2023-05-24,14.627833207384706
2023-05-25,14.629761268563811
2023-05-26,14.631244392547742
2023-05-27,14.632146498888485
2023-05-28,14.62717879803922
2023-05-29,14.631782598364593
2023-05-30,14.639366407602004
2023-05-31,14.64437692027761
2023-06-01,14.628628284159594
2023-06-02,14.627473893842206
2023-06-03,14.625516781780938
2023-06-04,14.61994207039392
2023-06-05,14.626509098755754
2023-06-06,14.617694449511058
2023-06-07,14.594102075209992
2023-06-08,14.576809155356132
2023-06-09,14.565262194194652
2023-06-10,14.563760722285148
2023-06-11,14.563740845365777
2023-06-12,14.559673721863453
2023-06-13,14.553443072137153
2023-06-14,14.551912549345488
2023-06-15,14.534365816521182
2023-06-16,14.533081461730974
2023-06-17,14.516523987893889
2023-06-18,14.52111402727508
2023-06-19,14.52923910031694
2023-06-20,14.534700666162914
2023-06-21,14.540682089900164
2023-06-22,14.539842672305136
2023-06-23,14.547108450832594
2023-06-24,14.541047519417855
2023-06-25,14.546606940866894
2023-06-26,14.5545531216344
2023-06-27,14.5592822994512
2023-06-28,14.564405957667846
2023-06-29,14.558978029685424
2023-06-30,14.562624679893334
2023-07-01,14.56807860077032
2023-07-02,14.57789168296502
2023-07-03,14.578255583488913
2023-07-04,14.566476215270155
2023-07-05,14.570980630998667
2023-07-06,14.562444258625186
2023-07-07,14.5626476148003
2023-07-08,14.55790620503312
2023-07-09,14.556293116576372
2023-07-10,14.542841029142751
2023-07-11,14.53373587107646
2023-07-12,14.52557716017105
2023-07-13,14.527994499365477
2023-07-14,14.520422922078446
2023-07-15,14.52134337634476
2023-07-16,14.519895419218182
2023-07-17,14.510574673026394
2023-07-18,14.511993579270811
2023-07-19,14.510996675314605
2023-07-20,14.50823378352186
2023-07-21,14.513586790808189
2023-07-22,14.5079188107995
2023-07-23,14.517123353462653
2023-07-24,14.5158711075422
2023-07-25,14.519332749500569
2023-07-26,14.51177340416392
2023-07-27,14.504096326304836
2023-07-28,14.499656128315836
2023-07-29,14.50428133455438
2023-07-30,14.499356445531454
2023-07-31,14.486330947367437
2023-08-01,14.47975933202421
2023-08-02,14.474774812243169
2023-08-03,14.473323797128996
2023-08-04,14.471597563131205
2023-08-05,14.477710480335071
2023-08-06,14.477884785628028
2023-08-07,14.48525453573374
2023-08-08,14.496940635330828
2023-08-09,14.49808432269163
2023-08-10,14.51187278876078
2023-08-11,14.526116894981698
2023-08-12,14.53102955205424
2023-08-13,14.535433054192092
2023-08-14,14.545559580115356
2023-08-15,14.558670701932051
2023-08-16,14.569381303486102
2023-08-17,14.585946422292178
2023-08-18,14.58759314861248
2023-08-19,14.588918786235228
2023-08-20,14.581870124827068
2023-08-21,14.5823486998858
2023-08-22,14.573654841151136
2023-08-23,14.560508552477089
2023-08-24,14.552635763411878
2023-08-25,14.539544518514552
2023-08-26,14.555982730835405
2023-08-27,14.559179856866743
2023-08-28,14.556978105797816
2023-08-29,14.558418417955403
2023-08-30,14.564908996627343
2023-08-31,14.568876735532806
2023-09-01,14.572037165712992
2023-09-02,14.580781481242989
2023-09-03,14.598669179684215
2023-09-04,14.599751707293104
2023-09-05,14.59211897025416
2023-09-06,14.595756446499283
2023-09-07,14.571908730233972
2023-09-08,14.568385928523693
2023-09-09,14.559516235502272
2023-09-10,14.551562409765776
2023-09-11,14.550889652494716
2023-09-12,14.549328549827097
2023-09-13,14.54209640916319
2023-09-14,14.535217466066593
2023-09-15,14.533446891248664
2023-09-16,14.520953482926306
2023-09-17,14.522072706386345
2023-09-18,14.527022059310031
2023-09-19,14.521323499425389
2023-09-20,14.51402408303438
2023-09-21,14.502834906421596
2023-09-22,14.506438744803168
2023-09-23,14.512602118802365
2023-09-24,14.515202937252532
2023-09-25,14.520944308963518
2023-09-26,14.52664592683576
2023-09-27,14.535189944178232
2023-09-28,14.551544061840202
2023-09-29,14.551562409765776
2023-09-30,14.5670908707769
2023-10-01,14.565396745648863
2023-10-02,14.569642761425536
2023-10-03,14.58135944089858
2023-10-04,14.548911134520278
2023-10-05,14.53566393225557
2023-10-06,14.533641073460991
2023-10-07,14.528245254348326
2023-10-08,14.526424222735068
2023-10-09,14.527928752632167
2023-10-10,14.543967897571775
2023-10-11,14.556802271511062
2023-10-12,14.542550520321155
2023-10-13,14.53053415806373
2023-10-14,14.519291466668026
2023-10-15,14.496746453118496
2023-10-16,14.45565474480086
2023-10-17,14.419530737332488
2023-10-18,14.391389606482772
2023-10-19,14.34500605063072
2023-10-20,14.334700632433108
2023-10-21,14.342529080678178
2023-10-22,14.358311354659747
2023-10-23,14.390278027991725
2023-10-24,14.39447817395446
2023-10-25,14.413982018840032
2023-10-26,14.359834232482422
2023-10-27,14.335104286795744
2023-10-28,14.382633059002394
2023-10-29,14.403569571076568
2023-10-30,14.402367781951446
2023-10-31,14.37785801137166
2023-11-01,14.385354667962597
2023-11-02,14.365606184069364
2023-11-03,14.345397473042974
2023-11-04,14.390085374773191
2023-11-05,14.424767541090176
2023-11-06,14.437360334009398
2023-11-07,14.44040303166715
2023-11-08,14.415203684884528
2023-11-09,14.466532006678875
2023-11-10,14.4420161201239
2023-11-11,14.443564990841136
2023-11-12,14.430649580230568
2023-11-13,14.419146959889224
2023-11-14,14.396825179434185
2023-11-15,14.41290254921874
2023-11-16,14.439750151315462
2023-11-17,14.466039670675965
2023-11-18,14.496413132470565
2023-11-19,14.53562876539822
2023-11-20,14.519413786171857
2023-11-21,14.535926919188803
2023-11-22,14.557531601552643
2023-11-23,14.551070073762864
2023-11-24,14.569502093996132
2023-11-25,14.57447591082059
2023-11-26,14.61669754555485
2023-11-27,14.639225740172602
2023-11-28,14.650911839769687
2023-11-29,14.66478592949152
2023-11-30,14.668778132297748
2023-12-01,14.675773278922982
2023-12-02,14.689324750953466
2023-12-03,14.700715754747565
2023-12-04,14.6951028185156
2023-12-05,14.684957944666762
2023-12-06,14.687757532310654
2023-12-07,14.66811607798327
2023-12-08,14.652807792079042
2023-12-09,14.636401688627943
2023-12-10,14.634045509185432
2023-12-11,14.632394195883736
2023-12-12,14.62243585927824
2023-12-13,14.603282153972378
2023-12-14,14.584006129162686
2023-12-15,14.568168811404394
2023-12-16,14.536417726197918
2023-12-17,14.504542792493814
2023-12-18,14.492384233813189
2023-12-19,14.484068036546596
2023-12-20,14.472485908527764
2023-12-21,14.47442314366966
2023-12-22,14.4723161902162
2023-12-23,14.468085464377507
2023-12-24,14.444675040338389
2023-12-25,14.431600614372838
2023-12-26,14.44167821249457
2023-12-27,14.41343922604179
2023-12-28,14.392482837048243
2023-12-29,14.388498279211008
2023-12-30,14.381156050993656
2023-12-31,14.409309413793755
2024-01-01,14.424602409760007
2024-01-02,14.45104941548169
2024-01-03,14.50114231028736
2024-01-04,14.509466152522942
2024-01-05,14.525051186304584
2024-01-06,14.56101464942418
2024-01-07,14.57151730782172
2024-01-08,14.60686152845318
2024-01-09,14.622714136149453
2024-01-10,14.632819256159545
2024-01-11,14.635958280426562
2024-01-12,14.632709168606098
2024-01-13,14.646344735295465
2024-01-14,14.651425581685771
2024-01-15,14.65707827175648
2024-01-16,14.669545687184277
2024-01-17,14.67713714139068
2024-01-18,14.67842608316228
2024-01-19,14.689251359251168
2024-01-20,14.68515212687909
2024-01-21,14.671328493952588
2024-01-22,14.640468812130266
2024-01-23,14.629982972664504
2024-01-24,14.620370188657324
2024-01-25,14.60298705816939
2024-01-26,14.601930523455064
2024-01-27,14.593440020895516
2024-01-28,14.57395299494172
2024-01-29,14.569931741253331
2024-01-30,14.568789582886328
2024-01-31,14.558019350574163
2024-02-01,14.557718138795982
2024-02-02,14.54281962322958
2024-02-03,14.533353622626995
2024-02-04,14.525490007524573
2024-02-05,14.522696535855872
2024-02-06,14.527866063886457
2024-02-07,14.534602810559852
2024-02-08,14.528526589207134
2024-02-09,14.533845958629907
2024-02-10,14.53761798632924
2024-02-11,14.543564243209142
2024-02-12,14.545314941107698
2024-02-13,14.553490470944883
2024-02-14,14.5502551200686
2024-02-15,14.551822338711414
2024-02-16,14.555080624494664
2024-02-17,14.546408171673171
2024-02-18,14.534812282710158
2024-02-19,14.53744826801768
2024-02-20,14.537370289333987
2024-02-21,14.535737323957868
2024-02-22,14.536124159388727
2024-02-23,14.540645394049015
2024-02-24,14.54403058631749
2024-02-25,14.5565591614972
2024-02-26,14.568639741494136
2024-02-27,14.5733215205032
2024-02-28,14.59888323881592
2024-02-29,14.607130631361605
2024-03-01,14.613793986332704
2024-03-02,14.62030138393642
2024-03-03,14.635095927924567
2024-03-04,14.654925448489085
2024-03-05,14.670934013552738
2024-03-06,14.674204531286373
2024-03-07,14.665319548326975
2024-03-08,14.664302767451394
2024-03-09,14.667582459147816
2024-03-10,14.667025905405394
2024-03-11,14.651917917688683
2024-03-12,14.64633250334508
2024-03-13,14.643164428195902
2024-03-14,14.64895472770842
2024-03-15,14.64000094002812
2024-03-16,14.617315259049189
2024-03-17,14.596771698381064
2024-03-18,14.579431379719471
2024-03-19,14.567596967723992
2024-03-20,14.548028905098908
2024-03-21,14.535902455288037
2024-03-22,14.505035128496726
2024-03-23,14.490714572585915
2024-03-24,14.497819806764598
2024-03-25,14.49386582880332
2024-03-26,14.49023293953959
2024-03-27,14.49408600391021
2024-03-28,14.498559839762766
2024-03-29,14.495270974103557
2024-03-30,14.522184322933589
2024-03-31,14.547356147827848
2024-04-01,14.544237000480202
2024-04-02,14.53402179291666
2024-04-03,14.546843934905564
2024-04-04,14.546909681638873
2024-04-05,14.518640115310134
2024-04-06,14.515866520560806
2024-04-07,14.506799587339463
2024-04-08,14.526292729268452
2024-04-09,14.543140711927132
2024-04-10,14.567879831576596
2024-04-11,14.60078836508806
2024-04-12,14.643457995005091
2024-04-13,14.659273906850215
2024-04-14,14.653622745773305
2024-04-15,14.656923843382897
2024-04-16,14.701937420792058
2024-04-17,14.71400729783241
2024-04-18,14.711415653345028
2024-04-19,14.73417931300765
2024-04-20,14.741423685621935
2024-04-21,14.74579202090244
2024-04-22,14.732862849347688
2024-04-23,14.727005274108064
2024-04-24,14.716473564828366
2024-04-25,14.728274338960292
2024-04-26,14.73627097652313
2024-04-27,14.710802526832085
2024-04-28,14.615238885471689
2024-04-29,14.617095083942296
2024-04-30,14.587765924911638
2024-05-01,14.5849281124228
2024-05-02,14.582758470223627
2024-05-03,14.58479814794998
2024-05-04,14.629712340762282
2024-05-05,14.630878963030051
2024-05-06,14.64415521617692
2024-05-07,14.653055489074296
2024-05-08,14.653651796655463
2024-05-09,14.660622479379931
2024-05-10,14.688366071842204
2024-05-11,14.724037497146409
2024-05-12,14.717591259294606
2024-05-13,14.696244976882603
2024-05-14,14.668648167824928
2024-05-15,14.665382237072688
2024-05-16,14.675843612637683
2024-05-17,14.676701378158286
2024-05-18,14.674849766669071
2024-05-19,14.685708680621511
2024-05-20,14.68803122220047
2024-05-21,14.68875596526066
2024-05-22,14.671192413504578
2024-05-23,14.659159232315377
2024-05-24,14.664663609987691
2024-05-25,14.657798427835274
2024-05-26,14.653393396703624
2024-05-27,14.645074141449438
2024-05-28,14.64705724640527
2024-05-29,14.656144056545983
2024-05-30,14.67882667953732
2024-05-31,14.679577415492073
2024-06-01,14.690765063111057
2024-06-02,14.716446042940005
2024-06-03,14.720091164154116
2024-06-04,14.72928041687929
2024-06-05,14.735466725785452
2024-06-06,14.7297008901737
2024-06-07,14.734102863317757
2024-06-08,14.73733821419404
2024-06-09,14.744922023431451
2024-06-10,14.74211631981237
2024-06-11,14.728278925941687
2024-06-12,14.71860651117639
2024-06-13,14.715880315234797
2024-06-14,14.735151753063093
2024-06-15,14.74112094484996
2024-06-16,14.739705096593136
2024-06-17,14.747213985134454
2024-06-18,14.740689768598962
2024-06-19,14.736734261643884
2024-06-20,14.738367227020005
2024-06-21,14.72931558373664
2024-06-22,14.728759029994215
2024-06-23,14.72716581845684
2024-06-24,14.728838537671706
2024-06-25,14.738795345283409
2024-06-26,14.747087078649232
2024-06-27,14.747559537732773
2024-06-28,14.743409848565364
2024-06-29,14.734504988686597
2024-06-30,14.722484039447776
2024-07-01,14.712608268507362
2024-07-02,14.699896214071908
2024-07-03,14.689115278803158
2024-07-04,14.688194824536842
2024-07-05,14.672267296144478
2024-07-06,14.663789025535312
2024-07-07,14.676710552121074
2024-07-08,14.671597596861012
2024-07-09,14.657484984106713
2024-07-10,14.639465792198866
2024-07-11,14.621521520987116
2024-07-12,14.608815582526852
2024-07-13,14.621252418078692
2024-07-14,14.623085681642332
2024-07-15,14.623125435481075
2024-07-16,14.623513799905735
2024-07-17,14.631501263505784
2024-07-18,14.642126241407151
2024-07-19,14.65781677576085
2024-07-20,14.67126886319447
2024-07-21,14.691228348231808
2024-07-22,14.702526083404235
2024-07-23,14.71525342777767
2024-07-24,14.719273152472258
2024-07-25,14.724493137298172
2024-07-26,14.730428691221483
2024-07-27,14.734965215819752
2024-07-28,14.736371890113787
2024-07-29,14.732107526411545
2024-07-30,14.722425937683456
2024-07-31,14.713195402125743
2024-08-01,14.711180188300157
2024-08-02,14.705013756313363
2024-08-03,14.705025988263747
2024-08-04,14.704724776485568
2024-08-05,14.707447914439566
2024-08-06,14.715735060823995
2024-08-07,14.709840789733226
2024-08-08,14.708398948581838
2024-08-09,14.724699551460883
2024-08-10,14.747002983990347
2024-08-11,14.747386761433614
2024-08-12,14.762100268750473
2024-08-13,14.770229928773723
2024-08-14,14.7851483212595
2024-08-15,14.809237618544872
2024-08-16,14.80963974391371
2024-08-17,14.79446753845749
2024-08-18,14.786292008620302
2024-08-19,14.778761714165814
2024-08-20,14.768905820144774
2024-08-21,14.746524408931617
2024-08-22,14.719718089667436
2024-08-23,14.6532664902184
2024-08-24,14.64375309080808
2024-08-25,14.655943758358465
2024-08-26,14.6486810378186
2024-08-27,14.639754772026665
2024-08-28,14.620290680979837
2024-08-29,14.600234869333232
2024-08-30,14.599320531042109
2024-08-31,14.59712642494217
2024-09-01,14.591851396339534
2024-09-02,14.58624457608276
2024-09-03,14.59868752760979
2024-09-04,14.6081367092806
2024-09-05,14.620241753178302
2024-09-06,14.625764478776192
2024-09-07,14.63717841747726
2024-09-08,14.636186100502444
2024-09-09,14.658270886918816
2024-09-10,14.67401340706164
2024-09-11,14.691751264110678
2024-09-12,14.697818311500608
2024-09-13,14.698177625043106
2024-09-14,14.70225239351442
2024-09-15,14.692927060341235
2024-09-16,14.705077974052877
2024-09-17,14.718436792864829
2024-09-18,14.710481438134533
2024-09-19,14.71498738285684
2024-09-20,14.720384730963309
2024-09-21,14.720233360577318
2024-09-22,14.71880528037011
2024-09-23,14.697486519846471
2024-09-24,14.689398142655763
2024-09-25,14.673672441444715
2024-09-26,14.668836234062066
2024-09-27,14.652910234663498
2024-09-28,14.658789215816292
2024-09-29,14.6613625123781
2024-09-30,14.669086989044915
2024-10-01,14.664206440842127
2024-10-02,14.681351048297596
2024-10-03,14.705721680441776
2024-10-04,14.693420925337946
2024-10-05,14.666723164633416
2024-10-06,14.669053351181365
2024-10-07,14.72915809737546
2024-10-08,14.741044495160066
2024-10-09,14.731989793889106
2024-10-10,14.717504106648128
2024-10-11,14.732780283682605
2024-10-12,14.711053281814934
2024-10-13,14.7154460809962
2024-10-14,14.720513166442329
2024-10-15,14.72856331878809
2024-10-16,14.72324853634671
2024-10-17,14.720774624381765
2024-10-18,14.722436640640042
2024-10-19,14.725248460234315
2024-10-20,14.735394863076952
2024-10-21,14.741330417000269
2024-10-22,14.750249037823217
2024-10-23,14.757637135854504
2024-10-24,14.779003295185875
2024-10-25,14.790328552246669
2024-10-26,14.81647434619017
2024-10-27,14.83214653261829
2024-10-28,14.848882898729729
2024-10-29,14.858963554839056
2024-10-30,14.87449048685638
2024-10-31,14.871716892107052
2024-11-01,14.890645835324628
2024-11-02,14.92486471652086
2024-11-03,14.903538311028232
2024-11-04,14.89679086139825
2024-11-05,14.886071085881415
2024-11-06,14.865724765413216
2024-11-07,14.831342281880614
2024-11-08,14.809781940336912
2024-11-09,14.78225240700634
2024-11-10,14.749827035535006
2024-11-11,14.67392013843997
2024-11-12,14.652740516351937
2024-11-13,14.589276570783928
2024-11-14,14.558776202504106
2024-11-15,14.53620060907862
2024-11-16,14.548963120309404
2024-11-17,14.53540553230373
2024-11-18,14.544972446496976
2024-11-19,14.545730827420718
2024-11-20,14.540431334917317
2024-11-21,14.56474080730958
2024-11-22,14.567976158185862
2024-11-23,14.561562029203817
2024-11-24,14.564373848798091
2024-11-25,14.588973830011952
2024-11-26,14.578220416631565
2024-11-27,14.573567688504658
2024-11-28,14.568381341542295
2024-11-29,14.565753001203769
2024-11-30,14.56464753868791
2024-12-01,14.55926089353803
2024-12-02,14.55386660341916
2024-12-03,14.522748521645
2024-12-04,14.507585490151566
2024-12-05,14.507935629731277
2024-12-06,14.518606477446582
2024-12-07,14.531772643040002
2024-12-08,14.54981782784241
2024-12-09,14.570312460709
2024-12-10,14.570396555367884
2024-12-11,14.58730569777848
2024-12-12,14.601078873909652
2024-12-13,14.61856597597584
2024-12-14,14.642028385804087
2024-12-15,14.65117482670292
2024-12-16,14.666617664061365
2024-12-17,14.682922853921802
2024-12-18,14.706030537188944
2024-12-19,14.711976794068844
2024-12-20,14.722604829957808
2024-12-21,14.725126140730488
2024-12-22,14.6943153867097
2024-12-23,14.686063407182615
2024-12-24,14.707284312103194
2024-12-25,14.707285841096992
2024-12-26,14.701084242252849
2024-12-27,14.707507545197682
2024-12-28,14.70929952592878
2024-12-29,14.715566871506232
2024-12-30,14.695856612457948
2024-12-31,14.67879762865516
2025-01-01,14.664015316617396
2025-01-02,14.673573056847854
2025-01-03,14.680439767994068
2025-01-04,14.6754735961386
2025-01-05,14.666042762393364
2025-01-06,14.647528176495012
2025-01-07,14.636143288676104
2025-01-08,14.624594798520826
2025-01-09,14.589395832300164
2025-01-10,14.567729990184407
2025-01-11,14.575451408863628
2025-01-12,14.594707556753947
2025-01-13,14.6027653540687
2025-01-14,14.58117443264904
2025-01-15,14.576981931655292
2025-01-16,14.601769979106288
2025-01-17,14.583585655868273
2025-01-18,14.574358178298152
2025-01-19,14.55694599692806
2025-01-20,14.534550824770724
2025-01-21,14.522757695607789
2025-01-22,14.534878029443467
2025-01-23,14.531324647857229
2025-01-24,14.531761940083417
2025-01-25,14.534442266211077
2025-01-26,14.5324897411312
2025-01-27,14.541360963146415
2025-01-28,14.552742792977728
2025-01-29,14.562866260913395
2025-01-30,14.584324159872642
2025-01-31,14.621801326852124
2025-02-01,14.633065424161002
2025-02-02,14.654024871142145
2025-02-03,14.666709403689236
2025-02-04,14.677030111824829
2025-02-05,14.704763001330514
2025-02-06,14.70930717089777
2025-02-07,14.69669297206538
2025-02-08,14.706172733612146
2025-02-09,14.707056492027313
2025-02-10,14.704252317402029
2025-02-11,14.697948275973427
2025-02-12,14.68911222081556
2025-02-13,14.669417251705257
2025-02-14,14.666139089002632
2025-02-15,14.668885161863598
2025-02-16,14.660261636843636
2025-02-17,14.65873417203957
2025-02-18,14.649073989224654
2025-02-19,14.646407424041175
2025-02-20,14.650934774676657
2025-02-21,14.66091757518292
2025-02-22,14.643406009215964
2025-02-23,14.638889361537071
2025-02-24,14.605490021016497
2025-02-25,14.597199816644467
2025-02-26,14.59213426019214
2025-02-27,14.582553585054711
2025-02-28,14.579295299271465
2025-03-01,14.583697272415517
2025-03-02,14.595985795568962
2025-03-03,14.588246028964168
2025-03-04,14.5883652904804
2025-03-05,14.582067365026992
2025-03-06,14.59235596429283
2025-03-07,14.605173519300337
2025-03-08,14.59451184554782
2025-03-09,14.590469185946263
2025-03-10,14.589782667731022
2025-03-11,14.60287849960974
2025-03-12,14.60870243698581
2025-03-13,14.588435624195103
2025-03-14,14.583576481905483
2025-03-15,14.603305088879344
2025-03-16,14.606462461071938
2025-03-17,14.624662074247931
2025-03-18,14.677442940150252
2025-03-19,14.707476965321725
2025-03-20,14.723435073590048
2025-03-21,14.736744964600469
2025-03-22,14.755352819120493
2025-03-23,14.779249463187334
2025-03-24,14.794284059201749
2025-03-25,14.812173286636773
2025-03-26,14.834080709772593
2025-03-27,14.863085722118102
2025-03-28,14.87080866979112
2025-03-29,14.87895361975235
2025-03-30,14.887647478487017
2025-03-31,14.876007248703864
2025-04-01,14.86181818625967
2025-04-02,14.860191336858742
2025-04-03,14.83799952087652
2025-04-04,14.82047878094678
2025-04-05,14.799695168252391
2025-04-06,14.779781553028991
2025-04-07,14.736202171802226
2025-04-08,14.722594127001225
2025-04-09,14.71089732444755
2025-04-10,14.713241271939678
2025-04-11,14.714095979472685
2025-04-12,14.730625931421413
2025-04-13,14.740625550859452
2025-04-14,14.741909905649658
2025-04-15,14.72462310177099
2025-04-16,14.700636247070074
2025-04-17,14.677286982782867
2025-04-18,14.670512011264528
2025-04-19,14.650525004338828
2025-04-20,14.617278563198038
2025-04-21,14.586105437647156
2025-04-22,14.54806407195626
2025-04-23,14.54873835822112
2025-04-24,14.539035363579863
2025-04-25,14.539159212077491
2025-04-26,14.516273232911038
2025-04-27,14.483797404644374
2025-04-28,14.4387914722042
2025-04-29,14.433579132347276
2025-04-30,14.44555268277836
2025-05-01,14.434387970066346
2025-05-02,14.470675579871092
2025-05-03,14.488295704397697
2025-05-04,14.489041853371052
2025-05-05,14.520664503098509
2025-05-06,14.54903039603651
2025-05-07,14.537882502256272
2025-05-08,14.534871913468276
2025-05-09,14.53479699277218
2025-05-10,14.522609383209394
2025-05-11,14.450323143427704
2025-05-12,14.490450056658888
2025-05-13,14.554727426927355
2025-05-14,14.57126655283887
2025-05-15,14.566329431865562
2025-05-16,14.568777350935944
2025-05-17,14.584243123201356
2025-05-18,14.589721507979108
2025-05-19,14.619558292950655
2025-05-20,14.627554930513494
2025-05-21,14.63723651924158
2025-05-22,14.648392057990806
2025-05-23,14.658894716388344
2025-05-24,14.65056017119618
2025-05-25,14.653729775339157
2025-05-26,14.648147418983148
2025-05-27,14.648344659183072
2025-05-28,14.653122764801402
2025-05-29,14.668493739451344
2025-05-30,14.693508077984426
2025-05-31,14.708128316679616
2025-06-01,14.724918197573976
2025-06-02,14.717412367020255
2025-06-03,14.719857228103043
2025-06-04,14.72220117559517
2025-06-05,14.716508731685716
